0,0,,
1,0,,OcorrÃªncias
2,0,,
3,0,,
4,0,,
5,0,,
6,0,,
7,0,,
8,0,,
9,0,,
10,0,,
11,0,,
12,0,,
13,0,,
14,0,,
15,0,,
16,0,,
17,0,,
18,0,,
19,0,,
20,0,,
21,0,,
22,0,,
23,0,,
24,0,,
25,0,,
26,0,,
27,0,,
28,0,,
29,0,,
30,0,,
31,0,,
32,0,,
33,0,,
34,0,,
35,0,,
36,0,,
37,0,,
38,0,,
39,0,,
40,0,,
41,0,,
42,0,,
43,0,,
44,0,,
45,0,,
46,0,,
47,0,,
48,0,,
49,0,,
50,0,,
51,0,,
52,0,,
53,0,,
54,0,,
55,0,,
56,0,,
57,0,,
58,0,,
59,0,,
60,0,,
61,0,,
62,0,,
63,0,,
64,0,,
65,0,,
66,0,,
67,0,,
68,0,,
69,0,,
70,0,,
71,0,,
72,0,,
73,0,,
74,0,,
75,0,,
76,0,,
77,0,,
78,0,,
79,0,,
80,0,,
81,0,,
82,0,,
83,0,,
84,0,,
85,0,,
86,0,,
87,0,,
88,0,,
89,0,,
90,0,,
91,0,,
92,0,,
93,0,,
94,0,,
95,0,,
96,0,,
97,0,,
98,0,,
99,0,,
100,0,,
101,0,,
102,0,,
103,0,,
104,0,,
105,0,,
106,0,,
107,0,,
108,0,,
109,0,,
110,0,,
111,0,,
112,0,,
113,0,,
114,0,,
115,0,,
116,0,,
117,0,,
118,0,,
119,0,,
120,0,,
121,0,,
122,0,,
123,0,,
124,0,,
125,0,,
126,0,,
127,0,,
128,0,,
129,0,,
130,0,,
131,0,,
132,0,,
133,0,,
134,0,,
135,0,,
136,0,,
137,0,,
138,0,,
139,0,,
140,0,,
141,0,,
142,0,,
143,0,,
144,0,,
145,0,,
146,0,,
147,0,,
148,0,,
149,0,,
150,0,,
151,0,,
152,0,,
153,0,,
154,0,,
155,0,,
156,0,,
157,0,,
158,0,,
159,0,,
160,0,,
161,0,,
162,0,,
163,0,,
164,0,,
165,0,,
166,0,,
167,0,,
168,0,,
169,0,,
170,0,,
171,0,,
172,0,,
173,0,,
174,0,,
175,0,,
176,0,,
177,0,,
178,0,,
179,0,,
180,0,,
181,0,,
182,0,,
183,0,,
184,0,,
185,0,,
186,0,,
187,0,,
188,0,,
189,0,,
190,0,,
191,0,,
192,0,,
193,0,,
194,0,,
195,0,,
196,0,,
197,0,,
198,0,,
199,0,,
200,0,,
201,0,,
202,0,,
203,0,,
204,0,,
205,0,,
206,0,,
207,0,,
208,0,,
209,0,,
210,0,,
211,0,,
212,0,,
213,0,,
214,0,,
215,0,,
216,0,,
217,0,,
218,0,,
219,0,,
220,0,,
221,0,,
222,0,,
223,0,,
224,0,,
225,0,,
226,0,,
227,0,,
228,0,,
229,0,,
230,0,,
231,0,,
232,0,,
233,0,,
234,0,,
235,0,,
236,0,,
237,0,,
238,0,,
239,0,,
240,0,,
241,0,,
242,0,,
243,0,,
244,0,,
245,0,,
246,0,,
247,0,,
248,0,,
249,0,,
250,0,,
251,0,,
252,0,,
253,0,,
254,0,,
255,0,,
256,0,,
257,0,,
258,0,,
259,0,,
260,0,,
261,0,,
262,0,,
263,0,,
264,0,,
265,0,,
266,0,,
267,0,,
268,0,,
269,0,,
270,0,,
271,0,,
272,0,,
273,0,,
274,0,,
275,0,,
276,0,,
277,0,,
278,0,,
279,0,,
280,0,,
281,0,,
282,0,,
283,0,,
284,0,,
285,0,,
286,0,,
287,0,,
288,0,,
289,0,,
290,0,,
291,0,,
292,0,,
293,0,,
294,0,,
295,0,,
296,0,,
297,0,,
298,0,,
299,0,,
300,0,,
301,0,,
302,0,,
303,0,,
304,0,,
305,0,,
306,0,,
307,0,,
308,0,,
309,0,,
310,0,,
311,0,,
312,0,,
313,0,,
314,0,,
315,0,,
316,0,,
317,0,,
318,0,,
319,0,,
320,0,,
321,0,,
322,0,,
323,0,,
324,0,,
325,0,,
326,0,,
327,0,,
328,0,,
329,0,,
330,0,,
331,0,,
332,0,,
333,0,,
334,0,,
335,0,,
336,0,,
337,0,,
338,0,,
339,0,,
340,0,,
341,0,,
342,0,,
343,0,,
344,0,,
345,0,,
346,0,,
347,0,,
348,0,,
349,0,,
350,0,,
351,0,,
352,0,,
353,0,,
354,0,,
355,0,,
356,0,,
357,0,,
358,0,,
359,0,,
360,0,,
361,0,,
362,0,,
363,0,,
364,0,,
365,0,,
366,0,,
367,0,,
368,0,,
369,0,,
370,0,,
371,0,,
372,0,,
373,0,,
374,0,,
375,0,,
376,0,,
377,0,,
378,0,,
379,0,,
380,0,,
381,0,,
382,0,,
383,0,,
384,0,,
385,0,,
386,0,,
387,0,,
388,0,,
389,0,,
390,0,,
391,0,,
392,0,,
393,0,,
394,0,,
395,0,,
396,0,,
397,0,,
398,0,,
399,0,,
400,0,,
401,0,,
402,0,,
403,0,,
404,0,,
405,0,,
406,0,,
407,0,,
408,0,,
409,0,,
410,0,,
411,0,,
412,0,,
413,0,,
414,0,,
415,0,,
416,0,,
417,0,,
418,0,,
419,0,,
420,0,,
421,0,,
422,0,,
423,0,,
424,0,,
425,0,,
426,0,,
427,0,,
428,0,,
429,0,,
430,0,,
431,0,,
432,0,,
433,0,,
434,0,,
435,0,,
436,0,,
437,0,,
438,0,,
439,0,,
440,0,,
441,0,,
442,0,,
443,0,,
444,0,,
445,0,,
446,0,,
447,0,,
448,0,,
449,0,,
450,0,,
451,0,,
452,0,,
453,0,,
454,0,,
455,0,,
456,0,,
457,0,,
458,0,,
459,0,,
460,0,,
461,0,,
462,0,,
463,0,,
464,0,,
465,0,,
466,0,,
467,0,,
468,0,,
469,0,,
470,0,,
471,0,,
472,0,,
473,0,,
474,0,,
475,0,,
476,0,,
477,0,,
478,0,,
479,0,,
480,0,,
481,0,,
482,0,,
483,0,,
484,0,,
485,0,,
486,0,,
487,0,,
488,0,,
489,0,,
490,0,,
491,0,,
492,0,,
493,0,,
494,0,,
495,0,,
496,0,,
497,0,,
498,0,,
499,0,,
500,0,,
501,0,,
502,0,,
503,0,,
504,0,,
505,0,,
506,0,,
507,0,,
508,0,,
509,0,,
510,0,,
511,0,,
512,0,,
513,0,,
514,0,,
515,0,,
516,0,,
517,0,,
518,0,,
519,0,,
520,0,,
521,0,,
522,0,,
523,0,,
524,0,,
525,0,,
526,0,,
527,0,,
528,0,,
529,0,,
530,0,,
531,0,,
532,0,,
533,0,,
534,0,,
535,0,,
536,0,,
537,0,,
538,0,,
539,0,,
540,0,,
541,0,,
542,0,,
543,0,,
544,0,,
545,0,,
546,0,,
547,0,,
548,0,,
549,0,,
550,0,,
551,0,,
552,0,,
553,0,,
554,0,,
555,0,,
556,0,,
557,0,,
558,0,,
559,0,,
560,0,,
561,0,,
562,0,,
563,0,,
564,0,,
565,0,,
566,0,,
567,0,,
568,0,,
569,0,,
570,0,,
571,0,,
572,0,,
573,0,,
574,0,,
575,0,,
576,0,,
577,0,,
578,0,,
579,0,,
580,0,,
581,0,,
582,0,,
583,0,,
584,0,,
585,0,,
586,0,,
587,0,,
588,0,,
589,0,,
590,0,,
591,0,,
592,0,,
593,0,,
594,0,,
595,0,,
596,0,,
597,0,,
598,0,,
599,0,,
600,0,,
601,0,,
602,0,,
603,0,,
604,0,,
605,0,,
606,0,,
607,0,,
608,0,,
609,0,,
610,0,,
611,0,,
612,0,,
613,0,,
614,0,,
615,0,,
616,0,,
617,0,,
618,0,,
619,0,,
620,0,,
621,0,,
622,0,,
623,0,,
624,0,,
625,0,,
626,0,,
627,0,,
628,0,,
629,0,,
630,0,,
631,0,,
632,0,,
633,0,,
634,0,,
635,0,,
636,0,,
637,0,,
638,0,,
639,0,,
640,0,,
641,0,,
642,0,,
643,0,,
644,0,,
645,0,,
646,0,,
647,0,,
648,0,,
649,0,,
650,0,,
651,0,,
652,0,,
653,0,,
654,0,,
655,0,,
656,0,,
657,0,,
658,0,,
659,0,,
660,0,,
661,0,,
662,0,,
663,0,,
664,0,,
665,0,,
666,0,,
667,0,,
668,0,,
669,0,,
670,0,,
671,0,,
672,0,,
673,0,,
674,0,,
675,0,,
676,0,,
677,0,,
678,0,,
679,0,,
680,0,,
681,0,,
682,0,,
683,0,,
684,0,,
685,0,,
686,0,,
687,0,,
688,0,,
689,0,,
690,0,,
691,0,,
692,0,,
693,0,,
694,0,,
695,0,,
696,0,,
697,0,,
698,0,,
699,0,,
700,0,,
701,0,,
702,0,,
703,0,,
704,0,,
705,0,,
706,0,,
707,0,,
708,0,,
709,0,,
710,0,,
711,0,,
712,0,,
713,0,,
714,0,,
715,0,,
716,0,,
717,0,,
718,0,,
719,0,,
720,0,,
721,0,,
722,0,,
723,0,,
724,0,,
725,0,,
726,0,,
727,0,,
728,0,,
729,0,,
730,0,,
731,0,,
732,0,,
733,0,,
734,0,,
735,0,,
736,0,,
737,0,,
738,0,,
739,0,,
740,0,,
741,0,,
742,0,,
743,0,,
744,0,,
745,0,,
746,0,,
747,0,,
748,0,,
749,0,,
750,0,,
751,0,,
752,0,,
753,0,,
754,0,,
755,0,,
756,0,,
757,0,,
758,0,,
759,0,,
760,0,,
761,0,,
762,0,,
763,0,,
764,0,,
765,0,,
766,0,,
767,0,,
768,0,,
769,0,,
770,0,,
771,0,,
772,0,,
773,0,,
774,0,,
775,0,,
776,0,,
777,0,,
778,0,,
779,0,,
780,0,,
781,0,,
782,0,,
783,0,,
784,0,,
785,0,,
786,0,,
787,0,,
788,0,,
789,0,,
790,0,,
791,0,,
792,0,,
793,0,,
794,0,,
795,0,,
796,0,,
797,0,,
798,0,,
799,0,,
800,0,,
801,0,,
802,0,,
803,0,,
804,0,,
805,0,,
806,0,,
807,0,,
808,0,,
809,0,,
810,0,,
811,0,,
812,0,,
813,0,,
814,0,,
815,0,,
816,0,,
817,0,,
818,0,,
819,0,,
820,0,,
821,0,,
822,0,,
823,0,,
824,0,,
825,0,,
826,0,,
827,0,,
828,0,,
829,0,,
830,0,,
831,0,,
832,0,,
833,0,,
834,0,,
835,0,,
836,0,,
837,0,,
838,0,,
839,0,,
840,0,,
841,0,,
842,0,,
843,0,,
844,0,,
845,0,,
846,0,,
847,0,,
848,0,,
849,0,,
850,0,,
851,0,,
852,0,,
853,0,,
854,0,,
855,0,,
856,0,,
857,0,,
858,0,,
859,0,,
860,0,,
861,0,,
862,0,,
863,0,,
864,0,,
865,0,,
866,0,,
867,0,,
868,0,,
869,0,,
870,0,,
871,0,,
872,0,,
873,0,,
874,0,,
875,0,,
876,0,,
877,0,,
878,0,,
879,0,,
880,0,,
881,0,,
882,0,,
883,0,,
884,0,,
885,0,,
886,0,,
887,0,,
888,0,,
889,0,,
890,0,,
891,0,,
892,0,,
893,0,,
894,0,,
895,0,,
896,0,,
897,0,,
898,0,,
899,0,,
900,0,,
901,0,,
902,0,,
903,0,,
904,0,,
905,0,,
906,0,,
907,0,,
908,0,,
909,0,,
910,0,,
911,0,,
912,0,,
913,0,,
914,0,,
915,0,,
916,0,,
917,0,,
918,0,,
919,0,,
920,0,,
921,0,,
922,0,,
923,0,,
924,0,,
925,0,,
926,0,,
927,0,,
928,0,,
929,0,,
930,0,,
931,0,,
932,0,,
933,0,,
934,0,,
935,0,,
936,0,,
937,0,,
938,0,,
939,0,,
940,0,,
941,0,,
942,0,,
943,0,,
944,0,,
945,0,,
946,0,,
947,0,,
948,0,,
949,0,,
950,0,,
951,0,,
952,0,,
953,0,,
954,0,,
955,0,,
956,0,,
957,0,,
958,0,,
959,0,,
960,0,,
961,0,,
962,0,,
963,0,,
964,0,,
965,0,,
966,0,,
967,0,,
968,0,,
969,0,,
970,0,,
971,0,,
972,0,,
973,0,,
974,0,,
975,0,,
976,0,,
977,0,,
978,0,,
979,0,,
980,0,,
981,0,,
982,0,,
983,0,,
984,0,,
985,0,,
986,0,,
987,0,,
988,0,,
989,0,,
990,0,,
991,0,,
992,0,,
993,0,,
994,0,,
995,0,,
996,0,,
997,0,,
998,0,,
999,0,,
1000,0,,
1001,0,,
1002,0,,
1003,0,,
1004,0,,
1005,0,,
1006,0,,
1007,0,,
1008,0,,
1009,0,,
1010,0,,
1011,0,,
1012,0,,
1013,0,,
1014,0,,
1015,0,,
1016,0,,
1017,0,,
1018,0,,
1019,0,,
1020,0,,
1021,0,,
1022,0,,
1023,0,,
1024,0,,
1025,0,,
1026,0,,
1027,0,,
1028,0,,
1029,0,,
1030,0,,
1031,0,,
1032,0,,
1033,0,,
1034,0,,
1035,0,,
1036,0,,
1037,0,,
1038,0,,
1039,0,,
1040,0,,
1041,0,,
1042,0,,
1043,0,,
1044,0,,
1045,0,,
1046,0,,
1047,0,,
1048,0,,
1049,0,,
1050,0,,
1051,0,,
1052,0,,
1053,0,,
1054,0,,
1055,0,,
1056,0,,
1057,0,,
1058,0,,
1059,0,,
1060,0,,
1061,0,,
1062,0,,
1063,0,,
1064,0,,
1065,0,,
1066,0,,
1067,0,,
1068,0,,
1069,0,,
1070,0,,
1071,0,,
1072,0,,
1073,0,,
1074,0,,
1075,0,,
1076,0,,
1077,0,,
1078,0,,
1079,0,,
1080,0,,
1081,0,,
1082,0,,
1083,0,,
1084,0,,
1085,0,,
1086,0,,
1087,0,,
1088,0,,
1089,0,,
1090,0,,
1091,0,,
1092,0,,
1093,0,,
1094,0,,
1095,0,,
1096,0,,
1097,0,,
1098,0,,
1099,0,,
1100,0,,
1101,0,,
1102,0,,
1103,0,,
1104,0,,
1105,0,,
1106,0,,
1107,0,,
1108,0,,
1109,0,,
1110,0,,
1111,0,,
1112,0,,
1113,0,,
1114,0,,
1115,0,,
1116,0,,
1117,0,,
1118,0,,
1119,0,,
1120,0,,
1121,0,,
1122,0,,
1123,0,,
1124,0,,
1125,0,,
1126,0,,
1127,0,,
1128,0,,
1129,0,,
1130,0,,
1131,0,,
1132,0,,
1133,0,,
1134,0,,
1135,0,,
1136,0,,
1137,0,,
1138,0,,
1139,0,,
1140,0,,
1141,0,,
1142,0,,
1143,0,,
1144,0,,
1145,0,,
1146,0,,
1147,0,,
1148,0,,
1149,0,,
1150,0,,
1151,0,,
1152,0,,
1153,0,,
1154,0,,
1155,0,,
1156,0,,
1157,0,,
1158,0,,
1159,0,,
1160,0,,
1161,0,,
1162,0,,
1163,0,,
1164,0,,
1165,0,,
1166,0,,
1167,0,,
1168,0,,
1169,0,,
1170,0,,
1171,0,,
1172,0,,
1173,0,,
1174,0,,
1175,0,,
1176,0,,
1177,0,,
1178,0,,
1179,0,,
1180,0,,
1181,0,,
1182,0,,
1183,0,,
1184,0,,
1185,0,,
1186,0,,
1187,0,,
1188,0,,
1189,0,,
1190,0,,
1191,0,,
1192,0,,
1193,0,,
1194,0,,
1195,0,,
1196,0,,
1197,0,,
1198,0,,
1199,0,,
1200,0,,
1201,0,,
1202,0,,
1203,0,,
1204,0,,
1205,0,,
1206,0,,
1207,0,,
1208,0,,
1209,0,,
1210,0,,
1211,0,,
1212,0,,
1213,0,,
1214,0,,
1215,0,,
1216,0,,
1217,0,,
1218,0,,
1219,0,,
1220,0,,
1221,0,,
1222,0,,
1223,0,,
1224,0,,
1225,0,,
1226,0,,
1227,0,,
1228,0,,
1229,0,,
1230,0,,
1231,0,,
1232,0,,
1233,0,,
1234,0,,
1235,0,,
1236,0,,
1237,0,,
1238,0,,
1239,0,,
1240,0,,
1241,0,,
1242,0,,
1243,0,,
1244,0,,
1245,0,,
1246,0,,
1247,0,,
1248,0,,
1249,0,,
1250,0,,
1251,0,,
1252,0,,
1253,0,,
1254,0,,
1255,0,,
1256,0,,
1257,0,,
1258,0,,
1259,0,,
1260,0,,
1261,0,,
1262,0,,
1263,0,,
1264,0,,
1265,0,,
1266,0,,
1267,0,,
1268,0,,
1269,0,,
1270,0,,
1271,0,,
1272,0,,
1273,0,,
1274,0,,
1275,0,,
1276,0,,
1277,0,,
1278,0,,
1279,0,,
1280,0,,
1281,0,,
1282,0,,
1283,0,,
1284,0,,
1285,0,,
1286,0,,
1287,0,,
1288,0,,
1289,0,,
1290,0,,
1291,0,,
1292,0,,
1293,0,,
1294,0,,
1295,0,,
1296,0,,
1297,0,,
1298,0,,
1299,0,,
1300,0,,
1301,0,,
1302,0,,
1303,0,,
1304,0,,
1305,0,,
1306,0,,
1307,0,,
1308,0,,
1309,0,,
1310,0,,
1311,0,,
1312,0,,
1313,0,,
1314,0,,
1315,0,,
1316,0,,
1317,0,,
1318,0,,
1319,0,,
1320,0,,
1321,0,,
1322,0,,
1323,0,,
1324,0,,
1325,0,,
1326,0,,
1327,0,,
1328,0,,
1329,0,,
1330,0,,
1331,0,,
1332,0,,
1333,2,,
1334,0,,
1335,0,,
1336,0,,
1337,0,,
1338,0,,
1339,0,,
1340,0,,
1341,0,,
1342,0,,
1343,0,,
1344,0,,
1345,0,,
1346,0,,
1347,0,,
1348,0,,
1349,0,,
1350,2,,
1351,0,,
1352,0,,
1353,0,,
1354,0,,
1355,0,,
1356,0,,
1357,0,,
1358,0,,
1359,0,,
1360,0,,
1361,0,,
1362,0,,
1363,2,,
1364,0,,
1365,0,,
1366,0,,
1367,0,,
1368,0,,
1369,0,,
1370,0,,
1371,0,,
1372,0,,
1373,0,,
1374,0,,
1375,0,,
1376,0,,
1377,0,,
1378,0,,
1379,0,,
1380,2,,
1381,0,,
1382,0,,
1383,0,,
1384,0,,
1385,0,,
1386,0,,
1387,0,,
1388,0,,
1389,0,,
1390,0,,
1391,0,,
1392,0,,
1393,0,,
1394,0,,
1395,0,,
1396,0,,
1397,0,,
1398,0,,
1399,0,,
1400,0,,
1401,2,,
1402,0,,
1403,0,,
1404,0,,
1405,0,,
1406,0,,
1407,0,,
1408,0,,
1409,0,,
1410,0,,
1411,0,,
1412,0,,
1413,0,,
1414,0,,
1415,0,,
1416,0,,
1417,0,,
1418,2,,
1419,0,,
1420,0,,
1421,0,,
1422,0,,
1423,0,,
1424,0,,
1425,0,,
1426,0,,
1427,0,,
1428,0,,
1429,0,,
1430,0,,
1431,2,,
1432,0,,
1433,0,,
1434,0,,
1435,0,,
1436,0,,
1437,0,,
1438,0,,
1439,0,,
1440,0,,
1441,0,,
1442,0,,
1443,0,,
1444,2,,
1445,0,,
1446,0,,
1447,0,,
1448,2,,
1449,0,,
1450,0,,
1451,0,,
1452,0,,
1453,0,,
1454,0,,
1455,0,,
1456,2,,
1457,0,,
1458,0,,
1459,6,,
1460,2,,
1461,0,,
1462,4,,
1463,2,,
1464,4,,
1465,0,,
1466,0,,
1467,2,,
1468,0,,
1469,2,,
1470,0,,
1471,0,,
1472,0,,
1473,0,,
1474,2,,
1475,0,,
1476,0,,
1477,4,,
1478,0,,
1479,4,,
1480,2,,
1481,2,,
1482,2,,
1483,2,,
1484,6,,
1485,0,,
1486,2,,
1487,2,,
1488,0,,
1489,6,,
1490,2,,
1491,0,,
1492,4,,
1493,2,,
1494,8,,
1495,0,,
1496,0,,
1497,2,,
1498,0,,
1499,2,,
1500,2,,
1501,2,,
1502,0,,
1503,0,,
1504,6,,
1505,0,,
1506,0,,
1507,4,,
1508,0,,
1509,4,,
1510,2,,
1511,2,,
1512,4,,
1513,2,,
1514,8,,
1515,0,,
1516,0,,
1517,2,,
1518,2,,
1519,2,,
1520,0,,
1521,4,,
1522,0,,
1523,0,,
1524,6,,
1525,0,,
1526,0,,
1527,6,,
1528,2,,
1529,0,,
1530,6,,
1531,6,,
1532,4,,
1533,0,,
1534,2,,
1535,2,,
1536,0,,
1537,2,,
1538,0,,
1539,0,,
1540,0,,
1541,0,,
1542,2,,
1543,2,,
1544,4,,
1545,6,,
1546,0,,
1547,4,,
1548,6,,
1549,4,,
1550,2,,
1551,2,,
1552,6,,
1553,0,,
1554,12,,
1555,0,,
1556,0,,
1557,8,,
1558,2,,
1559,2,,
1560,6,,
1561,6,,
1562,10,,
1563,0,,
1564,4,,
1565,4,,
1566,0,,
1567,2,,
1568,4,,
1569,8,,
1570,0,,
1571,12,,
1572,0,,
1573,4,,
1574,6,,
1575,10,,
1576,6,,
1577,4,,
1578,6,,
1579,4,,
1580,2,,
1581,10,,
1582,8,,
1583,8,,
1584,6,,
1585,2,,
1586,6,,
1587,4,,
1588,4,,
1589,10,,
1590,4,,
1591,8,,
1592,14,,
1593,8,,
1594,4,,
1595,14,,
1596,4,,
1597,2,,
1598,8,,
1599,16,,
1600,2,,
1601,14,,
1602,0,,
1603,8,,
1604,4,,
1605,2,,
1606,12,,
1607,0,,
1608,4,,
1609,8,,
1610,8,,
1611,12,,
1612,20,,
1613,22,,
1614,12,,
1615,8,,
1616,10,,
1617,10,,
1618,8,,
1619,10,,
1620,8,,
1621,8,,
1622,8,,
1623,16,,
1624,8,,
1625,10,,
1626,8,,
1627,12,,
1628,14,,
1629,18,,
1630,22,,
1631,28,,
1632,8,,
1633,26,,
1634,14,,
1635,24,,
1636,10,,
1637,10,,
1638,18,,
1639,12,,
1640,18,,
1641,10,,
1642,16,,
1643,22,,
1644,22,,
1645,8,,
1646,10,,
1647,18,,
1648,16,,
1649,6,,
1650,16,,
1651,14,,
1652,14,,
1653,14,,
1654,12,,
1655,18,,
1656,10,,
1657,10,,
1658,18,,
1659,18,,
1660,12,,
1661,22,,
1662,12,,
1663,18,,
1664,24,,
1665,30,,
1666,18,,
1667,18,,
1668,20,,
1669,24,,
1670,14,,
1671,14,,
1672,22,,
1673,18,,
1674,34,,
1675,24,,
1676,16,,
1677,28,,
1678,18,,
1679,20,,
1680,38,,
1681,30,,
1682,20,,
1683,46,,
1684,28,,
1685,46,,
1686,14,,
1687,30,,
1688,28,,
1689,24,,
1690,50,,
1691,30,,
1692,24,,
1693,34,,
1694,34,,
1695,34,,
1696,32,,
1697,42,,
1698,52,,
1699,44,,
1700,70,,
1701,54,,
1702,50,,
1703,56,,
1704,42,,
1705,64,,
1706,52,,
1707,40,,
1708,48,,
1709,30,,
1710,46,,
1711,36,,
1712,54,,
1713,40,,
1714,32,,
1715,88,,
1716,22,,
1717,40,,
1718,68,,
1719,34,,
1720,46,,
1721,68,,
1722,60,,
1723,40,,
1724,68,,
1725,72,,
1726,68,,
1727,42,,
1728,34,,
1729,46,,
1730,62,,
1731,46,,
1732,50,,
1733,66,,
1734,48,,
1735,58,,
1736,48,,
1737,52,,
1738,46,,
1739,72,,
1740,76,,
1741,54,,
1742,66,,
1743,62,,
1744,46,,
1745,62,,
1746,86,,
1747,56,,
1748,62,,
1749,62,,
1750,62,,
1751,58,,
1752,68,,
1753,56,,
1754,54,,
1755,90,,
1756,76,,
1757,34,,
1758,56,,
1759,56,,
1760,60,,
1761,56,,
1762,66,,
1763,82,,
1764,74,,
1765,80,,
1766,62,,
1767,66,,
1768,68,,
1769,70,,
1770,86,,
1771,84,,
1772,80,,
1773,106,,
1774,64,,
1775,56,,
1776,108,,
1777,72,,
1778,72,,
1779,112,,
1780,94,,
1781,114,,
1782,94,,
1783,90,,
1784,76,,
1785,118,,
1786,108,,
1787,64,,
1788,112,,
1789,84,,
1790,84,,
1791,78,,
1792,94,,
1793,136,,
1794,84,,
1795,102,,
1796,90,,
1797,108,,
1798,112,,
1799,98,,
1800,128,,
1801,114,,
1802,142,,
1803,134,,
1804,138,,
1805,102,,
1806,132,,
1807,124,,
1808,114,,
1809,132,,
1810,124,,
1811,120,,
1812,126,,
1813,124,,
1814,164,,
1815,136,,
1816,132,,
1817,148,,
1818,126,,
1819,146,,
1820,134,,
1821,150,,
1822,140,,
1823,138,,
1824,132,,
1825,106,,
1826,104,,
1827,156,,
1828,116,,
1829,112,,
1830,166,,
1831,150,,
1832,188,,
1833,196,,
1834,228,,
1835,180,,
1836,188,,
1837,176,,
1838,200,,
1839,158,,
1840,146,,
1841,190,,
1842,140,,
1843,216,,
1844,212,,
1845,206,,
1846,172,,
1847,206,,
1848,152,,
1849,212,,
1850,192,,
1851,240,,
1852,248,,
1853,266,,
1854,260,,
1855,224,,
1856,248,,
1857,170,,
1858,200,,
1859,206,,
1860,176,,
1861,248,,
1862,220,,
1863,236,,
1864,298,,
1865,266,,
1866,288,,
1867,220,,
1868,308,,
1869,250,,
1870,216,,
1871,256,,
1872,228,,
1873,262,,
1874,268,,
1875,312,,
1876,232,,
1877,262,,
1878,204,,
1879,242,,
1880,236,,
1881,250,,
1882,310,,
1883,292,,
1884,340,,
1885,374,,
1886,332,,
1887,396,,
1888,296,,
1889,320,,
1890,338,,
1891,306,,
1892,328,,
1893,400,,
1894,304,,
1895,388,,
1896,384,,
1897,328,,
1898,288,,
1899,396,,
1900,354,,
1901,332,,
1902,376,,
1903,342,,
1904,376,,
1905,508,,
1906,426,,
1907,394,,
1908,432,,
1909,378,,
1910,346,,
1911,392,,
1912,490,,
1913,416,,
1914,536,,
1915,466,,
1916,462,,
1917,484,,
1918,498,,
1919,422,,
1920,490,,
1921,430,,
1922,430,,
1923,468,,
1924,442,,
1925,374,,
1926,464,,
1927,420,,
1928,412,,
1929,486,,
1930,436,,
1931,438,,
1932,450,,
1933,428,,
1934,470,,
1935,474,,
1936,514,,
1937,490,,
1938,408,,
1939,538,,
1940,442,,
1941,462,,
1942,548,,
1943,510,,
1944,488,,
1945,582,,
1946,502,,
1947,504,,
1948,540,,
1949,498,,
1950,538,,
1951,500,,
1952,540,,
1953,496,,
1954,438,,
1955,496,,
1956,476,,
1957,516,,
1958,476,,
1959,452,,
1960,462,,
1961,506,,
1962,480,,
1963,478,,
1964,610,,
1965,546,,
1966,570,,
1967,646,,
1968,550,,
1969,532,,
1970,560,,
1971,570,,
1972,604,,
1973,548,,
1974,632,,
1975,536,,
1976,592,,
1977,572,,
1978,594,,
1979,568,,
1980,536,,
1981,614,,
1982,516,,
1983,618,,
1984,616,,
1985,622,,
1986,696,,
1987,678,,
1988,632,,
1989,632,,
1990,640,,
1991,606,,
1992,600,,
1993,588,,
1994,766,,
1995,688,,
1996,690,,
1997,654,,
1998,744,,
1999,792,,
2000,732,,
2001,774,,
2002,856,,
2003,838,,
2004,828,,
2005,848,,
2006,776,,
2007,898,,
2008,806,,
2009,834,,
2010,834,,
2011,846,,
2012,806,,
2013,874,,
2014,908,,
2015,828,,
2016,918,,
2017,916,,
2018,898,,
2019,1058,,
2020,918,,
2021,974,,
2022,948,,
2023,906,,
2024,1082,,
2025,946,,
2026,984,,
2027,1010,,
2028,1074,,
2029,960,,
2030,1054,,
2031,1106,,
2032,980,,
2033,1220,,
2034,1020,,
2035,1134,,
2036,1080,,
2037,1172,,
2038,1068,,
2039,1054,,
2040,1242,,
2041,970,,
2042,1084,,
2043,1040,,
2044,1112,,
2045,1136,,
2046,1096,,
2047,1134,,
2048,1296,,
2049,1134,,
2050,1188,,
2051,1228,,
2052,1250,,
2053,1260,,
2054,1306,,
2055,1296,,
2056,1300,,
2057,1260,,
2058,1306,,
2059,1226,,
2060,1186,,
2061,1352,,
2062,1354,,
2063,1258,,
2064,1342,,
2065,1340,,
2066,1314,,
2067,1242,,
2068,1260,,
2069,1362,,
2070,1184,,
2071,1256,,
2072,1230,,
2073,1336,,
2074,1324,,
2075,1342,,
2076,1456,,
2077,1310,,
2078,1408,,
2079,1466,,
2080,1400,,
2081,1576,,
2082,1418,,
2083,1466,,
2084,1370,,
2085,1468,,
2086,1546,,
2087,1430,,
2088,1348,,
2089,1368,,
2090,1408,,
2091,1438,,
2092,1418,,
2093,1478,,
2094,1470,,
2095,1454,,
2096,1572,,
2097,1328,,
2098,1456,,
2099,1450,,
2100,1316,,
2101,1348,,
2102,1418,,
2103,1400,,
2104,1266,,
2105,1468,,
2106,1568,,
2107,1410,,
2108,1638,,
2109,1360,,
2110,1570,,
2111,1722,,
2112,1426,,
2113,1692,,
2114,1646,,
2115,1654,,
2116,1774,,
2117,1592,,
2118,1716,,
2119,1562,,
2120,1764,,
2121,1758,,
2122,1768,,
2123,1750,,
2124,1740,,
2125,1876,,
2126,1740,,
2127,1744,,
2128,1892,,
2129,1786,,
2130,1844,,
2131,1836,,
2132,1866,,
2133,2022,,
2134,1806,,
2135,1948,,
2136,2128,,
2137,1946,,
2138,2046,,
2139,1954,,
2140,2100,,
2141,2016,,
2142,1934,,
2143,2198,,
2144,1938,,
2145,2168,,
2146,2036,,
2147,2218,,
2148,2004,,
2149,2134,,
2150,2248,,
2151,2138,,
2152,2262,,
2153,2218,,
2154,2248,,
2155,2370,,
2156,2228,,
2157,2380,,
2158,2216,,
2159,2330,,
2160,2260,,
2161,2290,,
2162,2282,,
2163,2208,,
2164,2420,,
2165,2262,,
2166,2386,,
2167,2482,,
2168,2442,,
2169,2290,,
2170,2514,,
2171,2338,,
2172,2294,,
2173,2552,,
2174,2636,,
2175,2320,,
2176,2628,,
2177,2524,,
2178,2624,,
2179,2608,,
2180,2744,,
2181,2572,,
2182,2564,,
2183,2584,,
2184,2530,,
2185,2704,,
2186,2662,,
2187,2638,,
2188,2814,,
2189,2666,,
2190,2830,,
2191,2620,,
2192,2436,,
2193,2982,,
2194,2766,,
2195,2920,,
2196,2810,,
2197,2972,,
2198,2946,,
2199,3126,,
2200,2832,,
2201,2760,,
2202,3116,,
2203,2990,,
2204,3126,,
2205,2954,,
2206,3004,,
2207,3082,,
2208,3198,,
2209,3056,,
2210,3082,,
2211,3128,,
2212,3114,,
2213,3094,,
2214,3028,,
2215,3270,,
2216,3052,,
2217,3172,,
2218,3320,,
2219,3176,,
2220,3416,,
2221,3112,,
2222,3166,,
2223,3286,,
2224,3038,,
2225,3290,,
2226,3222,,
2227,3404,,
2228,3298,,
2229,3378,,
2230,3444,,
2231,3224,,
2232,3518,,
2233,3216,,
2234,3416,,
2235,3446,,
2236,3112,,
2237,3280,,
2238,3422,,
2239,3382,,
2240,3530,,
2241,3526,,
2242,3678,,
2243,3488,,
2244,3550,,
2245,3668,,
2246,3548,,
2247,3598,,
2248,3760,,
2249,3710,,
2250,3782,,
2251,3670,,
2252,3762,,
2253,3660,,
2254,3700,,
2255,3798,,
2256,3968,,
2257,3912,,
2258,3744,,
2259,4042,,
2260,3998,,
2261,3890,,
2262,4224,,
2263,4288,,
2264,4046,,
2265,4356,,
2266,4120,,
2267,4262,,
2268,4054,,
2269,3966,,
2270,4348,,
2271,4234,,
2272,4424,,
2273,4194,,
2274,4422,,
2275,4382,,
2276,4234,,
2277,4330,,
2278,4310,,
2279,4516,,
2280,4440,,
2281,4298,,
2282,4456,,
2283,4384,,
2284,4692,,
2285,4440,,
2286,4810,,
2287,4670,,
2288,4724,,
2289,4950,,
2290,4770,,
2291,5020,,
2292,4836,,
2293,5028,,
2294,4880,,
2295,5104,,
2296,5052,,
2297,4906,,
2298,5078,,
2299,4874,,
2300,4912,,
2301,5074,,
2302,5242,,
2303,5060,,
2304,5090,,
2305,5372,,
2306,4824,,
2307,5250,,
2308,4960,,
2309,5170,,
2310,5120,,
2311,5068,,
2312,5038,,
2313,5238,,
2314,5288,,
2315,5146,,
2316,5302,,
2317,5416,,
2318,5126,,
2319,5606,,
2320,5582,,
2321,5722,,
2322,5742,,
2323,5590,,
2324,5786,,
2325,5694,,
2326,5772,,
2327,5860,,
2328,5844,,
2329,5886,,
2330,5706,,
2331,6088,,
2332,5954,,
2333,5942,,
2334,6322,,
2335,5754,,
2336,6254,,
2337,6236,,
2338,5994,,
2339,6070,,
2340,6062,,
2341,5958,,
2342,5896,,
2343,6324,,
2344,6104,,
2345,6178,,
2346,6590,,
2347,6034,,
2348,6340,,
2349,6450,,
2350,6194,,
2351,6806,,
2352,6382,,
2353,6310,,
2354,6680,,
2355,6466,,
2356,6350,,
2357,6524,,
2358,6474,,
2359,6582,,
2360,6684,,
2361,6960,,
2362,6708,,
2363,6876,,
2364,6644,,
2365,6756,,
2366,7018,,
2367,6552,,
2368,6860,,
2369,7132,,
2370,6870,,
2371,7074,,
2372,6880,,
2373,7334,,
2374,6938,,
2375,7068,,
2376,7028,,
2377,6754,,
2378,7346,,
2379,6918,,
2380,7004,,
2381,7278,,
2382,6902,,
2383,6934,,
2384,7566,,
2385,7144,,
2386,7372,,
2387,7512,,
2388,7346,,
2389,7618,,
2390,7712,,
2391,7680,,
2392,7772,,
2393,7614,,
2394,7626,,
2395,7816,,
2396,7892,,
2397,7722,,
2398,7782,,
2399,8004,,
2400,7598,,
2401,7962,,
2402,8156,,
2403,7624,,
2404,8054,,
2405,8018,,
2406,8206,,
2407,8338,,
2408,8452,,
2409,8306,,
2410,8188,,
2411,8436,,
2412,8124,,
2413,7960,,
2414,8534,,
2415,8196,,
2416,8608,,
2417,8514,,
2418,8174,,
2419,8964,,
2420,8908,,
2421,8692,,
2422,8638,,
2423,9092,,
2424,8394,,
2425,8884,,
2426,8670,,
2427,8334,,
2428,9038,,
2429,8778,,
2430,8968,,
2431,8876,,
2432,9096,,
2433,8818,,
2434,8976,,
2435,8714,,
2436,9176,,
2437,8852,,
2438,8866,,
2439,9322,,
2440,8882,,
2441,9380,,
2442,9080,,
2443,9086,,
2444,9348,,
2445,9210,,
2446,9246,,
2447,9344,,
2448,9566,,
2449,9038,,
2450,9376,,
2451,9768,,
2452,9610,,
2453,9978,,
2454,9384,,
2455,9652,,
2456,9696,,
2457,9312,,
2458,9690,,
2459,9268,,
2460,10114,,
2461,9928,,
2462,10016,,
2463,9904,,
2464,9834,,
2465,10336,,
2466,9976,,
2467,9796,,
2468,10084,,
2469,10286,,
2470,10354,,
2471,10570,,
2472,10134,,
2473,10840,,
2474,10738,,
2475,10960,,
2476,10056,,
2477,10966,,
2478,10684,,
2479,10364,,
2480,10690,,
2481,10604,,
2482,11104,,
2483,11294,,
2484,11128,,
2485,10988,,
2486,11474,,
2487,10976,,
2488,11052,,
2489,11270,,
2490,11354,,
2491,11522,,
2492,11534,,
2493,11734,,
2494,11958,,
2495,11448,,
2496,11742,,
2497,11746,,
2498,11704,,
2499,11170,,
2500,12120,,
2501,12008,,
2502,11848,,
2503,12590,,
2504,12218,,
2505,12408,,
2506,12024,,
2507,12646,,
2508,12018,,
2509,11788,,
2510,12180,,
2511,11610,,
2512,12464,,
2513,12214,,
2514,12002,,
2515,12654,,
2516,12270,,
2517,12346,,
2518,12470,,
2519,12604,,
2520,12464,,
2521,12770,,
2522,12824,,
2523,12718,,
2524,13322,,
2525,13184,,
2526,12824,,
2527,13416,,
2528,13056,,
2529,12908,,
2530,13566,,
2531,13412,,
2532,13110,,
2533,13644,,
2534,13712,,
2535,14008,,
2536,14230,,
2537,13562,,
2538,14194,,
2539,13608,,
2540,13892,,
2541,14144,,
2542,14112,,
2543,13810,,
2544,13542,,
2545,13808,,
2546,13418,,
2547,13480,,
2548,13794,,
2549,13866,,
2550,14298,,
2551,13946,,
2552,13826,,
2553,14394,,
2554,14384,,
2555,14438,,
2556,14366,,
2557,14580,,
2558,14050,,
2559,14706,,
2560,14520,,
2561,14566,,
2562,14964,,
2563,14484,,
2564,15136,,
2565,14870,,
2566,14700,,
2567,14704,,
2568,14452,,
2569,14848,,
2570,14550,,
2571,14866,,
2572,14884,,
2573,14848,,
2574,15200,,
2575,14974,,
2576,15048,,
2577,15192,,
2578,14980,,
2579,14556,,
2580,15062,,
2581,14730,,
2582,14394,,
2583,15794,,
2584,15094,,
2585,15492,,
2586,15172,,
2587,15036,,
2588,15556,,
2589,15158,,
2590,14846,,
2591,15150,,
2592,15678,,
2593,15130,,
2594,15642,,
2595,15576,,
2596,15800,,
2597,15260,,
2598,15262,,
2599,15762,,
2600,15724,,
2601,16188,,
2602,15394,,
2603,15856,,
2604,16436,,
2605,16420,,
2606,16702,,
2607,16518,,
2608,16414,,
2609,16510,,
2610,16274,,
2611,16258,,
2612,15822,,
2613,16566,,
2614,16496,,
2615,16028,,
2616,16230,,
2617,16336,,
2618,16852,,
2619,16460,,
2620,16546,,
2621,16668,,
2622,17224,,
2623,16556,,
2624,16184,,
2625,16628,,
2626,16432,,
2627,17096,,
2628,16252,,
2629,17000,,
2630,17552,,
2631,16892,,
2632,17330,,
2633,17590,,
2634,17726,,
2635,18304,,
2636,17658,,
2637,19170,,
2638,18650,,
2639,17694,,
2640,18276,,
2641,18202,,
2642,18078,,
2643,18092,,
2644,17934,,
2645,18222,,
2646,18434,,
2647,18174,,
2648,18502,,
2649,19300,,
2650,18630,,
2651,19044,,
2652,19078,,
2653,18288,,
2654,18290,,
2655,18466,,
2656,18610,,
2657,18386,,
2658,18666,,
2659,18680,,
2660,19294,,
2661,18606,,
2662,18892,,
2663,19630,,
2664,20022,,
2665,18554,,
2666,19178,,
2667,20214,,
2668,19410,,
2669,19402,,
2670,19640,,
2671,20372,,
2672,20064,,
2673,19304,,
2674,20062,,
2675,20068,,
2676,20166,,
2677,20008,,
2678,19854,,
2679,20912,,
2680,19470,,
2681,20822,,
2682,20682,,
2683,19634,,
2684,21016,,
2685,20440,,
2686,19502,,
2687,20458,,
2688,20660,,
2689,20216,,
2690,20636,,
2691,21028,,
2692,20344,,
2693,21348,,
2694,21298,,
2695,20616,,
2696,21020,,
2697,20976,,
2698,21016,,
2699,20682,,
2700,21692,,
2701,21622,,
2702,21678,,
2703,21334,,
2704,21798,,
2705,23004,,
2706,21414,,
2707,21494,,
2708,22532,,
2709,22148,,
2710,21624,,
2711,21500,,
2712,22252,,
2713,22106,,
2714,22098,,
2715,21748,,
2716,21518,,
2717,23062,,
2718,22310,,
2719,21944,,
2720,22766,,
2721,22234,,
2722,22214,,
2723,22266,,
2724,22324,,
2725,21916,,
2726,21920,,
2727,21508,,
2728,21872,,
2729,21296,,
2730,21640,,
2731,22698,,
2732,22252,,
2733,21826,,
2734,22686,,
2735,23156,,
2736,22292,,
2737,22242,,
2738,22664,,
2739,22824,,
2740,22138,,
2741,22098,,
2742,23406,,
2743,22658,,
2744,22658,,
2745,23388,,
2746,23286,,
2747,23426,,
2748,22734,,
2749,23476,,
2750,23438,,
2751,22832,,
2752,23928,,
2753,23218,,
2754,23986,,
2755,23344,,
2756,22574,,
2757,23680,,
2758,23078,,
2759,24084,,
2760,23446,,
2761,23470,,
2762,25480,,
2763,23874,,
2764,24186,,
2765,25836,,
2766,24414,,
2767,24094,,
2768,24994,,
2769,24818,,
2770,24142,,
2771,24316,,
2772,25562,,
2773,24316,,
2774,24634,,
2775,25726,,
2776,26490,,
2777,25508,,
2778,25680,,
2779,25364,,
2780,25774,,
2781,25686,,
2782,25170,,
2783,25660,,
2784,25512,,
2785,25538,,
2786,25494,,
2787,25536,,
2788,25816,,
2789,25976,,
2790,25304,,
2791,25820,,
2792,26330,,
2793,24992,,
2794,25706,,
2795,26672,,
2796,26026,,
2797,25106,,
2798,26378,,
2799,27004,,
2800,25524,,
2801,26262,,
2802,25962,,
2803,26000,,
2804,26754,,
2805,26240,,
2806,26372,,
2807,27400,,
2808,26406,,
2809,26420,,
2810,27450,,
2811,26318,,
2812,26014,,
2813,27358,,
2814,26186,,
2815,26340,,
2816,26628,,
2817,26946,,
2818,28094,,
2819,26822,,
2820,27014,,
2821,27434,,
2822,27512,,
2823,26728,,
2824,26594,,
2825,27402,,
2826,26620,,
2827,26984,,
2828,27232,,
2829,27270,,
2830,28388,,
2831,27792,,
2832,27676,,
2833,28134,,
2834,27394,,
2835,26752,,
2836,28184,,
2837,28688,,
2838,28224,,
2839,28948,,
2840,28414,,
2841,29268,,
2842,28692,,
2843,28538,,
2844,29018,,
2845,28602,,
2846,28806,,
2847,29040,,
2848,30864,,
2849,29674,,
2850,29780,,
2851,30394,,
2852,29414,,
2853,29578,,
2854,28574,,
2855,28058,,
2856,28222,,
2857,28446,,
2858,28268,,
2859,29238,,
2860,29610,,
2861,29090,,
2862,29326,,
2863,30328,,
2864,28168,,
2865,28130,,
2866,28568,,
2867,28466,,
2868,29232,,
2869,28416,,
2870,29156,,
2871,30336,,
2872,30054,,
2873,29188,,
2874,29932,,
2875,30156,,
2876,29568,,
2877,29984,,
2878,30646,,
2879,30146,,
2880,30186,,
2881,30316,,
2882,30974,,
2883,30888,,
2884,30180,,
2885,29810,,
2886,29912,,
2887,29586,,
2888,28858,,
2889,30824,,
2890,30772,,
2891,30062,,
2892,31350,,
2893,31676,,
2894,30380,,
2895,30520,,
2896,29626,,
2897,29666,,
2898,30236,,
2899,29550,,
2900,30728,,
2901,30470,,
2902,31404,,
2903,31434,,
2904,31810,,
2905,31752,,
2906,31114,,
2907,31520,,
2908,31722,,
2909,31370,,
2910,32352,,
2911,31828,,
2912,32710,,
2913,32108,,
2914,31806,,
2915,32122,,
2916,32388,,
2917,31626,,
2918,31662,,
2919,32876,,
2920,32078,,
2921,32428,,
2922,33550,,
2923,32142,,
2924,33152,,
2925,31460,,
2926,31070,,
2927,31702,,
2928,31154,,
2929,31632,,
2930,31806,,
2931,32392,,
2932,31948,,
2933,32086,,
2934,32806,,
2935,33228,,
2936,32662,,
2937,30900,,
2938,32150,,
2939,32680,,
2940,31420,,
2941,32044,,
2942,33344,,
2943,33112,,
2944,32952,,
2945,32830,,
2946,32802,,
2947,33484,,
2948,32298,,
2949,33326,,
2950,34028,,
2951,33324,,
2952,33272,,
2953,34294,,
2954,33464,,
2955,32904,,
2956,32636,,
2957,33204,,
2958,32254,,
2959,32048,,
2960,32450,,
2961,33340,,
2962,33270,,
2963,34240,,
2964,34486,,
2965,35154,,
2966,32922,,
2967,33416,,
2968,33320,,
2969,32202,,
2970,33170,,
2971,33696,,
2972,33238,,
2973,35268,,
2974,35190,,
2975,34576,,
2976,34932,,
2977,35426,,
2978,32890,,
2979,35016,,
2980,36414,,
2981,34000,,
2982,35694,,
2983,35828,,
2984,35226,,
2985,35714,,
2986,34334,,
2987,34518,,
2988,35926,,
2989,33652,,
2990,34608,,
2991,35364,,
2992,35884,,
2993,34382,,
2994,35636,,
2995,34728,,
2996,34226,,
2997,35004,,
2998,33328,,
2999,33476,,
3000,33880,,
3001,32734,,
3002,33182,,
3003,35218,,
3004,34504,,
3005,34984,,
3006,36892,,
3007,35364,,
3008,34294,,
3009,35400,,
3010,34996,,
3011,34932,,
3012,35280,,
3013,35086,,
3014,36062,,
3015,36670,,
3016,35308,,
3017,36228,,
3018,36124,,
3019,34686,,
3020,34644,,
3021,36098,,
3022,34860,,
3023,34010,,
3024,35826,,
3025,34676,,
3026,34820,,
3027,34112,,
3028,33738,,
3029,35542,,
3030,34210,,
3031,33058,,
3032,34816,,
3033,34098,,
3034,34792,,
3035,34736,,
3036,35936,,
3037,35388,,
3038,35150,,
3039,35468,,
3040,34648,,
3041,35570,,
3042,34954,,
3043,34954,,
3044,35964,,
3045,36736,,
3046,36408,,
3047,37262,,
3048,37870,,
3049,34872,,
3050,36262,,
3051,37532,,
3052,35842,,
3053,37264,,
3054,35544,,
3055,35774,,
3056,36748,,
3057,35002,,
3058,36614,,
3059,36862,,
3060,36148,,
3061,35098,,
3062,36274,,
3063,36644,,
3064,35684,,
3065,35738,,
3066,35012,,
3067,35762,,
3068,35098,,
3069,33580,,
3070,35392,,
3071,35204,,
3072,34922,,
3073,34940,,
3074,36310,,
3075,36310,,
3076,35734,,
3077,36576,,
3078,37004,,
3079,36722,,
3080,36430,,
3081,35876,,
3082,36670,,
3083,35934,,
3084,36264,,
3085,36604,,
3086,36948,,
3087,36516,,
3088,37900,,
3089,37782,,
3090,36860,,
3091,35892,,
3092,37446,,
3093,37342,,
3094,36560,,
3095,35696,,
3096,36016,,
3097,36796,,
3098,35722,,
3099,35462,,
3100,35412,,
3101,35404,,
3102,35752,,
3103,34448,,
3104,36158,,
3105,36266,,
3106,36346,,
3107,36290,,
3108,37468,,
3109,37326,,
3110,36128,,
3111,36794,,
3112,36236,,
3113,36934,,
3114,37218,,
3115,36560,,
3116,37884,,
3117,37910,,
3118,36674,,
3119,39052,,
3120,38336,,
3121,38030,,
3122,38364,,
3123,39320,,
3124,37796,,
3125,38986,,
3126,38772,,
3127,37094,,
3128,38274,,
3129,37056,,
3130,37604,,
3131,38198,,
3132,36470,,
3133,37864,,
3134,38136,,
3135,37760,,
3136,36184,,
3137,37546,,
3138,38746,,
3139,36634,,
3140,37778,,
3141,36140,,
3142,37152,,
3143,38254,,
3144,35714,,
3145,37178,,
3146,39052,,
3147,37996,,
3148,37484,,
3149,38670,,
3150,38934,,
3151,37966,,
3152,37754,,
3153,37166,,
3154,38034,,
3155,37962,,
3156,36800,,
3157,36932,,
3158,36836,,
3159,37644,,
3160,38458,,
3161,38790,,
3162,37622,,
3163,37408,,
3164,38506,,
3165,38324,,
3166,36880,,
3167,38702,,
3168,36670,,
3169,37986,,
3170,37642,,
3171,35622,,
3172,37700,,
3173,37684,,
3174,35958,,
3175,38030,,
3176,37810,,
3177,37266,,
3178,37666,,
3179,39010,,
3180,37972,,
3181,36952,,
3182,38118,,
3183,36926,,
3184,36984,,
3185,36648,,
3186,36298,,
3187,37278,,
3188,37974,,
3189,36994,,
3190,37916,,
3191,39510,,
3192,37358,,
3193,37704,,
3194,39346,,
3195,35994,,
3196,39040,,
3197,37044,,
3198,36052,,
3199,37246,,
3200,35894,,
3201,36490,,
3202,36978,,
3203,37124,,
3204,36296,,
3205,37754,,
3206,37904,,
3207,36606,,
3208,37334,,
3209,37742,,
3210,37338,,
3211,37464,,
3212,35028,,
3213,36248,,
3214,37232,,
3215,36246,,
3216,35450,,
3217,37590,,
3218,37386,,
3219,36288,,
3220,38960,,
3221,37092,,
3222,36802,,
3223,37966,,
3224,35050,,
3225,37712,,
3226,36904,,
3227,35936,,
3228,36170,,
3229,36368,,
3230,35018,,
3231,35810,,
3232,37234,,
3233,35812,,
3234,35162,,
3235,35776,,
3236,35718,,
3237,35540,,
3238,34942,,
3239,35086,,
3240,35794,,
3241,35918,,
3242,34078,,
3243,34910,,
3244,36240,,
3245,33574,,
3246,35166,,
3247,36188,,
3248,36510,,
3249,36038,,
3250,36922,,
3251,36556,,
3252,36982,,
3253,34410,,
3254,36728,,
3255,36022,,
3256,35580,,
3257,36700,,
3258,35572,,
3259,36194,,
3260,36428,,
3261,35564,,
3262,36878,,
3263,35892,,
3264,35750,,
3265,35766,,
3266,35218,,
3267,35072,,
3268,34494,,
3269,34404,,
3270,34598,,
3271,35184,,
3272,33790,,
3273,34366,,
3274,36702,,
3275,34118,,
3276,34224,,
3277,37376,,
3278,35526,,
3279,35920,,
3280,36010,,
3281,36344,,
3282,36176,,
3283,36080,,
3284,36108,,
3285,34802,,
3286,36272,,
3287,34476,,
3288,35438,,
3289,37018,,
3290,35368,,
3291,37348,,
3292,35960,,
3293,35992,,
3294,36840,,
3295,34246,,
3296,34332,,
3297,35278,,
3298,33976,,
3299,33716,,
3300,34634,,
3301,34302,,
3302,33090,,
3303,34142,,
3304,35440,,
3305,32818,,
3306,33644,,
3307,35002,,
3308,33932,,
3309,33362,,
3310,34666,,
3311,33298,,
3312,33916,,
3313,34530,,
3314,31604,,
3315,34456,,
3316,33624,,
3317,31226,,
3318,35514,,
3319,34808,,
3320,34588,,
3321,35072,,
3322,35634,,
3323,36440,,
3324,35244,,
3325,35150,,
3326,34220,,
3327,34740,,
3328,35578,,
3329,33576,,
3330,34654,,
3331,35526,,
3332,35502,,
3333,34910,,
3334,34288,,
3335,35048,,
3336,34340,,
3337,34498,,
3338,33028,,
3339,33638,,
3340,32974,,
3341,32762,,
3342,34568,,
3343,32308,,
3344,32104,,
3345,34664,,
3346,33000,,
3347,32288,,
3348,33484,,
3349,34296,,
3350,34818,,
3351,35498,,
3352,35608,,
3353,34880,,
3354,36392,,
3355,33622,,
3356,33794,,
3357,35820,,
3358,33166,,
3359,32878,,
3360,35984,,
3361,35528,,
3362,35364,,
3363,35996,,
3364,36084,,
3365,35360,,
3366,35038,,
3367,32226,,
3368,33266,,
3369,33458,,
3370,30662,,
3371,33396,,
3372,33354,,
3373,33158,,
3374,32700,,
3375,32902,,
3376,32524,,
3377,32068,,
3378,32194,,
3379,31368,,
3380,31492,,
3381,33512,,
3382,31094,,
3383,33658,,
3384,33988,,
3385,32684,,
3386,33620,,
3387,33610,,
3388,31072,,
3389,32812,,
3390,33038,,
3391,33340,,
3392,33772,,
3393,33614,,
3394,34206,,
3395,35944,,
3396,33306,,
3397,31990,,
3398,33016,,
3399,32510,,
3400,31526,,
3401,30826,,
3402,33732,,
3403,33594,,
3404,32672,,
3405,34102,,
3406,33838,,
3407,33308,,
3408,32256,,
3409,31096,,
3410,32020,,
3411,30664,,
3412,30670,,
3413,31504,,
3414,32946,,
3415,31188,,
3416,33014,,
3417,33892,,
3418,32120,,
3419,31716,,
3420,31890,,
3421,31618,,
3422,32374,,
3423,32198,,
3424,32066,,
3425,33108,,
3426,32490,,
3427,31954,,
3428,31264,,
3429,32682,,
3430,29796,,
3431,30616,,
3432,32482,,
3433,30566,,
3434,32360,,
3435,32562,,
3436,32594,,
3437,33424,,
3438,30950,,
3439,30338,,
3440,31688,,
3441,30644,,
3442,28342,,
3443,30678,,
3444,31166,,
3445,29520,,
3446,31344,,
3447,31832,,
3448,31368,,
3449,29946,,
3450,29940,,
3451,29944,,
3452,29730,,
3453,29702,,
3454,28484,,
3455,30126,,
3456,30378,,
3457,27452,,
3458,32042,,
3459,31068,,
3460,28374,,
3461,30830,,
3462,30396,,
3463,30234,,
3464,29918,,
3465,29742,,
3466,31940,,
3467,31688,,
3468,30044,,
3469,30112,,
3470,30854,,
3471,29108,,
3472,27444,,
3473,29074,,
3474,29750,,
3475,27798,,
3476,29282,,
3477,30178,,
3478,30454,,
3479,30164,,
3480,28980,,
3481,29950,,
3482,30358,,
3483,27078,,
3484,28326,,
3485,30028,,
3486,27376,,
3487,28770,,
3488,30098,,
3489,29324,,
3490,28528,,
3491,29152,,
3492,29178,,
3493,28248,,
3494,29682,,
3495,28688,,
3496,28862,,
3497,30384,,
3498,27156,,
3499,27530,,
3500,30270,,
3501,26962,,
3502,25376,,
3503,28876,,
3504,26802,,
3505,26404,,
3506,26772,,
3507,26758,,
3508,28564,,
3509,27384,,
3510,25318,,
3511,27140,,
3512,27284,,
3513,23758,,
3514,24970,,
3515,26424,,
3516,24162,,
3517,25700,,
3518,27166,,
3519,27256,,
3520,28078,,
3521,26362,,
3522,27044,,
3523,27642,,
3524,26214,,
3525,25410,,
3526,26940,,
3527,27102,,
3528,24440,,
3529,26482,,
3530,28544,,
3531,25650,,
3532,25526,,
3533,26132,,
3534,26998,,
3535,25168,,
3536,24872,,
3537,26436,,
3538,26098,,
3539,25838,,
3540,23050,,
3541,26076,,
3542,24854,,
3543,23322,,
3544,24218,,
3545,24886,,
3546,23864,,
3547,23808,,
3548,25560,,
3549,26500,,
3550,25850,,
3551,25918,,
3552,24122,,
3553,27450,,
3554,24860,,
3555,23368,,
3556,26344,,
3557,24544,,
3558,24724,,
3559,26448,,
3560,26452,,
3561,26528,,
3562,26214,,
3563,26066,,
3564,26042,,
3565,25754,,
3566,25150,,
3567,24058,,
3568,25930,,
3569,23744,,
3570,23746,,
3571,25358,,
3572,25334,,
3573,23106,,
3574,22562,,
3575,25408,,
3576,22708,,
3577,22800,,
3578,22982,,
3579,23040,,
3580,24484,,
3581,21168,,
3582,22716,,
3583,23826,,
3584,21912,,
3585,21762,,
3586,22120,,
3587,23290,,
3588,22700,,
3589,23216,,
3590,24430,,
3591,24752,,
3592,24300,,
3593,23692,,
3594,25262,,
3595,25288,,
3596,22890,,
3597,25270,,
3598,24858,,
3599,23818,,
3600,23066,,
3601,25174,,
3602,25578,,
3603,21924,,
3604,24342,,
3605,22950,,
3606,22378,,
3607,23282,,
3608,21252,,
3609,23088,,
3610,21792,,
3611,22150,,
3612,21790,,
3613,21736,,
3614,21246,,
3615,19484,,
3616,22264,,
3617,20886,,
3618,20420,,
3619,22220,,
3620,21320,,
3621,23270,,
3622,22364,,
3623,20422,,
3624,23466,,
3625,22872,,
3626,20654,,
3627,21894,,
3628,23898,,
3629,21124,,
3630,21450,,
3631,23714,,
3632,22274,,
3633,23104,,
3634,22678,,
3635,22038,,
3636,23142,,
3637,21658,,
3638,21704,,
3639,22322,,
3640,23114,,
3641,20302,,
3642,20944,,
3643,22198,,
3644,18904,,
3645,19784,,
3646,20200,,
3647,19062,,
3648,20450,,
3649,19926,,
3650,18934,,
3651,20778,,
3652,19514,,
3653,17800,,
3654,20296,,
3655,19034,,
3656,16926,,
3657,18876,,
3658,18446,,
3659,17402,,
3660,18788,,
3661,19060,,
3662,19856,,
3663,20438,,
3664,19718,,
3665,20200,,
3666,20166,,
3667,19144,,
3668,18728,,
3669,20392,,
3670,20014,,
3671,17760,,
3672,19518,,
3673,19980,,
3674,18872,,
3675,18674,,
3676,18664,,
3677,17966,,
3678,19494,,
3679,18448,,
3680,18542,,
3681,20354,,
3682,19012,,
3683,17886,,
3684,18698,,
3685,18006,,
3686,16476,,
3687,17540,,
3688,17328,,
3689,15642,,
3690,17784,,
3691,17678,,
3692,17864,,
3693,19058,,
3694,17652,,
3695,16290,,
3696,18278,,
3697,17032,,
3698,15226,,
3699,19300,,
3700,16314,,
3701,16392,,
3702,18912,,
3703,17616,,
3704,18054,,
3705,19126,,
3706,16662,,
3707,18712,,
3708,18108,,
3709,16390,,
3710,16362,,
3711,17648,,
3712,16386,,
3713,15362,,
3714,17886,,
3715,17094,,
3716,15548,,
3717,16100,,
3718,15868,,
3719,16114,,
3720,16412,,
3721,15226,,
3722,16486,,
3723,16798,,
3724,14760,,
3725,15502,,
3726,16484,,
3727,14354,,
3728,15494,,
3729,15460,,
3730,14582,,
3731,14592,,
3732,15616,,
3733,15926,,
3734,16564,,
3735,16562,,
3736,16298,,
3737,15954,,
3738,17226,,
3739,14476,,
3740,14558,,
3741,15886,,
3742,13204,,
3743,14958,,
3744,15776,,
3745,14018,,
3746,15946,,
3747,14618,,
3748,14682,,
3749,15872,,
3750,14830,,
3751,13812,,
3752,15252,,
3753,15800,,
3754,13102,,
3755,14270,,
3756,14890,,
3757,14434,,
3758,13496,,
3759,14156,,
3760,14782,,
3761,14248,,
3762,14488,,
3763,14322,,
3764,14310,,
3765,15998,,
3766,13096,,
3767,14770,,
3768,15156,,
3769,12636,,
3770,13748,,
3771,14262,,
3772,12680,,
3773,13238,,
3774,13764,,
3775,13162,,
3776,13534,,
3777,14480,,
3778,12780,,
3779,14626,,
3780,13560,,
3781,12216,,
3782,14516,,
3783,12742,,
3784,11688,,
3785,12508,,
3786,13186,,
3787,12092,,
3788,12038,,
3789,12464,,
3790,11658,,
3791,13666,,
3792,12740,,
3793,11708,,
3794,14682,,
3795,12452,,
3796,11790,,
3797,13518,,
3798,12084,,
3799,12422,,
3800,11624,,
3801,12240,,
3802,11420,,
3803,11300,,
3804,11150,,
3805,11468,,
3806,13304,,
3807,11474,,
3808,11468,,
3809,12258,,
3810,11086,,
3811,10886,,
3812,11606,,
3813,11342,,
3814,10188,,
3815,11334,,
3816,10978,,
3817,10648,,
3818,11084,,
3819,9636,,
3820,11608,,
3821,11652,,
3822,10276,,
3823,11580,,
3824,11900,,
3825,11178,,
3826,10288,,
3827,10106,,
3828,11260,,
3829,9538,,
3830,10626,,
3831,10630,,
3832,9616,,
3833,11134,,
3834,11120,,
3835,11200,,
3836,12124,,
3837,12552,,
3838,10574,,
3839,11852,,
3840,11666,,
3841,9102,,
3842,11166,,
3843,9400,,
3844,9704,,
3845,10856,,
3846,9214,,
3847,10120,,
3848,10968,,
3849,9190,,
3850,10030,,
3851,10896,,
3852,9192,,
3853,9078,,
3854,10468,,
3855,8742,,
3856,8902,,
3857,9712,,
3858,8102,,
3859,9420,,
3860,9486,,
3861,7618,,
3862,10294,,
3863,10666,,
3864,8756,,
3865,9988,,
3866,11090,,
3867,8716,,
3868,9342,,
3869,9832,,
3870,8064,,
3871,9116,,
3872,7636,,
3873,8444,,
3874,8912,,
3875,8036,,
3876,8714,,
3877,10050,,
3878,9374,,
3879,8564,,
3880,9120,,
3881,9182,,
3882,7264,,
3883,7918,,
3884,7936,,
3885,7096,,
3886,8016,,
3887,7594,,
3888,7268,,
3889,8774,,
3890,7652,,
3891,7582,,
3892,8936,,
3893,7882,,
3894,7664,,
3895,8168,,
3896,8026,,
3897,7592,,
3898,8162,,
3899,7654,,
3900,7662,,
3901,7464,,
3902,7992,,
3903,6996,,
3904,8284,,
3905,8328,,
3906,7232,,
3907,8900,,
3908,10054,,
3909,7762,,
3910,8538,,
3911,8888,,
3912,7060,,
3913,7170,,
3914,7448,,
3915,6764,,
3916,8022,,
3917,7264,,
3918,7214,,
3919,9464,,
3920,8060,,
3921,7026,,
3922,8356,,
3923,7452,,
3924,6170,,
3925,7368,,
3926,6742,,
3927,5836,,
3928,7122,,
3929,6486,,
3930,6646,,
3931,7864,,
3932,6274,,
3933,6468,,
3934,8398,,
3935,6284,,
3936,5958,,
3937,8186,,
3938,6626,,
3939,6718,,
3940,8490,,
3941,5958,,
3942,7358,,
3943,6814,,
3944,5450,,
3945,6922,,
3946,6454,,
3947,5364,,
3948,7262,,
3949,7646,,
3950,7064,,
3951,6604,,
3952,7536,,
3953,6498,,
3954,5988,,
3955,6044,,
3956,5282,,
3957,5690,,
3958,5238,,
3959,5578,,
3960,6614,,
3961,5976,,
3962,5444,,
3963,6234,,
3964,5974,,
3965,5730,,
3966,5256,,
3967,5858,,
3968,5680,,
3969,5290,,
3970,5528,,
3971,6754,,
3972,6122,,
3973,6250,,
3974,5934,,
3975,5502,,
3976,7448,,
3977,5184,,
3978,6008,,
3979,8072,,
3980,6226,,
3981,6444,,
3982,7238,,
3983,6402,,
3984,5578,,
3985,5308,,
3986,4944,,
3987,5220,,
3988,5412,,
3989,4520,,
3990,6618,,
3991,7166,,
3992,4898,,
3993,6250,,
3994,6944,,
3995,5082,,
3996,5144,,
3997,5380,,
3998,4538,,
3999,4840,,
4000,5094,,
4001,4722,,
4002,6052,,
4003,5758,,
4004,4032,,
4005,6552,,
4006,5898,,
4007,3936,,
4008,5808,,
4009,5512,,
4010,4450,,
4011,5388,,
4012,5996,,
4013,4736,,
4014,5448,,
4015,4476,,
4016,4138,,
4017,5558,,
4018,3822,,
4019,3802,,
4020,6150,,
4021,4580,,
4022,4830,,
4023,5350,,
4024,5176,,
4025,4324,,
4026,3950,,
4027,3960,,
4028,3566,,
4029,3942,,
4030,3240,,
4031,3934,,
4032,5622,,
4033,3964,,
4034,4304,,
4035,5786,,
4036,4302,,
4037,4334,,
4038,3838,,
4039,4330,,
4040,3170,,
4041,3446,,
4042,4034,,
4043,3784,,
4044,4640,,
4045,4036,,
4046,4482,,
4047,5378,,
4048,4042,,
4049,3480,,
4050,4976,,
4051,5046,,
4052,3182,,
4053,4764,,
4054,4320,,
4055,3696,,
4056,4284,,
4057,2916,,
4058,4370,,
4059,3800,,
4060,3282,,
4061,3880,,
4062,5046,,
4063,4430,,
4064,3828,,
4065,4888,,
4066,4672,,
4067,2746,,
4068,4004,,
4069,3024,,
4070,2858,,
4071,3568,,
4072,2904,,
4073,3622,,
4074,4322,,
4075,3236,,
4076,4032,,
4077,4716,,
4078,3264,,
4079,2740,,
4080,4616,,
4081,2386,,
4082,2662,,
4083,3484,,
4084,2514,,
4085,2992,,
4086,2938,,
4087,2468,,
4088,3098,,
4089,3418,,
4090,2038,,
4091,3164,,
4092,3878,,
4093,2268,,
4094,2794,,
4095,3002,,
4096,2438,,
4097,2508,,
4098,2144,,
4099,2068,,
4100,2592,,
4101,2080,,
4102,1928,,
4103,3286,,
4104,3068,,
4105,2204,,
4106,2964,,
4107,3276,,
4108,2132,,
4109,2624,,
4110,2704,,
4111,2356,,
4112,1864,,
4113,2156,,
4114,2488,,
4115,2320,,
4116,2448,,
4117,2052,,
4118,3072,,
4119,2608,,
4120,1668,,
4121,2484,,
4122,2732,,
4123,1868,,
4124,2088,,
4125,2492,,
4126,1804,,
4127,2264,,
4128,2052,,
4129,1836,,
4130,2004,,
4131,1800,,
4132,1800,,
4133,2400,,
4134,2396,,
4135,1916,,
4136,2488,,
4137,2628,,
4138,1656,,
4139,1872,,
4140,2060,,
4141,1472,,
4142,1940,,
4143,1784,,
4144,1708,,
4145,2832,,
4146,2012,,
4147,1856,,
4148,2612,,
4149,1948,,
4150,1392,,
4151,2232,,
4152,1888,,
4153,1508,,
4154,2076,,
4155,1528,,
4156,1780,,
4157,1988,,
4158,1388,,
4159,1572,,
4160,2084,,
4161,1364,,
4162,1460,,
4163,2156,,
4164,1480,,
4165,1408,,
4166,1936,,
4167,1432,,
4168,1464,,
4169,1164,,
4170,1464,,
4171,1644,,
4172,1180,,
4173,1100,,
4174,1576,,
4175,1924,,
4176,1604,,
4177,1392,,
4178,2504,,
4179,1628,,
4180,1360,,
4181,1532,,
4182,1420,,
4183,1128,,
4184,976,,
4185,1464,,
4186,1664,,
4187,1520,,
4188,1548,,
4189,1660,,
4190,1988,,
4191,1044,,
4192,1028,,
4193,1884,,
4194,1236,,
4195,1356,,
4196,1436,,
4197,1408,,
4198,1228,,
4199,1648,,
4200,1260,,
4201,1572,,
4202,1364,,
4203,780,,
4204,1492,,
4205,1632,,
4206,1148,,
4207,1808,,
4208,1712,,
4209,1784,,
4210,1216,,
4211,1436,,
4212,1280,,
4213,1048,,
4214,1212,,
4215,868,,
4216,1736,,
4217,1828,,
4218,1152,,
4219,1820,,
4220,1484,,
4221,1180,,
4222,1436,,
4223,1360,,
4224,928,,
4225,668,,
4226,868,,
4227,980,,
4228,1080,,
4229,940,,
4230,1000,,
4231,1488,,
4232,1056,,
4233,776,,
4234,940,,
4235,1324,,
4236,708,,
4237,628,,
4238,1424,,
4239,724,,
4240,860,,
4241,1128,,
4242,880,,
4243,976,,
4244,728,,
4245,816,,
4246,1308,,
4247,1096,,
4248,776,,
4249,1192,,
4250,1440,,
4251,804,,
4252,1340,,
4253,1024,,
4254,692,,
4255,852,,
4256,512,,
4257,736,,
4258,948,,
4259,548,,
4260,984,,
4261,1176,,
4262,804,,
4263,556,,
4264,836,,
4265,820,,
4266,344,,
4267,544,,
4268,372,,
4269,608,,
4270,592,,
4271,516,,
4272,796,,
4273,628,,
4274,668,,
4275,556,,
4276,704,,
4277,580,,
4278,376,,
4279,472,,
4280,788,,
4281,492,,
4282,412,,
4283,756,,
4284,488,,
4285,492,,
4286,688,,
4287,348,,
4288,964,,
4289,800,,
4290,344,,
4291,1108,,
4292,504,,
4293,272,,
4294,996,,
4295,360,,
4296,288,,
4297,308,,
4298,220,,
4299,412,,
4300,448,,
4301,156,,
4302,356,,
4303,760,,
4304,188,,
4305,300,,
4306,460,,
4307,84,,
4308,148,,
4309,468,,
4310,124,,
4311,256,,
4312,320,,
4313,80,,
4314,448,,
4315,232,,
4316,76,,
4317,688,,
4318,296,,
4319,184,,
4320,388,,
4321,236,,
4322,244,,
4323,420,,
4324,108,,
4325,460,,
4326,224,,
4327,192,,
4328,236,,
4329,320,,
4330,200,,
4331,280,,
4332,180,,
4333,408,,
4334,240,,
4335,92,,
4336,268,,
4337,160,,
4338,60,,
4339,172,,
4340,64,,
4341,124,,
4342,196,,
4343,88,,
4344,192,,
4345,288,,
4346,72,,
4347,152,,
4348,352,,
4349,28,,
4350,84,,
4351,396,,
4352,100,,
4353,96,,
4354,288,,
4355,72,,
4356,296,,
4357,172,,
4358,20,,
4359,464,,
4360,340,,
4361,28,,
4362,472,,
4363,240,,
4364,72,,
4365,404,,
4366,84,,
4367,164,,
4368,248,,
4369,28,,
4370,168,,
4371,172,,
4372,48,,
4373,160,,
4374,296,,
4375,116,,
4376,64,,
4377,88,,
4378,132,,
4379,40,,
4380,80,,
4381,148,,
4382,120,,
4383,116,,
4384,128,,
4385,120,,
4386,148,,
4387,92,,
4388,200,,
4389,244,,
4390,140,,
4391,108,,
4392,184,,
4393,188,,
4394,128,,
4395,120,,
4396,216,,
4397,96,,
4398,204,,
4399,68,,
4400,64,,
4401,244,,
4402,128,,
4403,100,,
4404,324,,
4405,72,,
4406,56,,
4407,156,,
4408,88,,
4409,48,,
4410,44,,
4411,8,,
4412,148,,
4413,156,,
4414,8,,
4415,148,,
4416,152,,
4417,104,,
4418,140,,
4419,104,,
4420,72,,
4421,52,,
4422,76,,
4423,212,,
4424,64,,
4425,108,,
4426,108,,
4427,276,,
4428,76,,
4429,68,,
4430,148,,
4431,208,,
4432,124,,
4433,116,,
4434,212,,
4435,96,,
4436,84,,
4437,204,,
4438,64,,
4439,72,,
4440,44,,
4441,72,,
4442,88,,
4443,20,,
4444,32,,
4445,72,,
4446,152,,
4447,44,,
4448,0,,
4449,96,,
4450,12,,
4451,16,,
4452,88,,
4453,12,,
4454,24,,
4455,64,,
4456,4,,
4457,120,,
4458,40,,
4459,8,,
4460,176,,
4461,88,,
4462,12,,
4463,84,,
4464,24,,
4465,28,,
4466,76,,
4467,16,,
4468,60,,
4469,52,,
4470,28,,
4471,20,,
4472,44,,
4473,12,,
4474,16,,
4475,40,,
4476,52,,
4477,0,,
4478,40,,
4479,12,,
4480,64,,
4481,8,,
4482,0,,
4483,24,,
4484,16,,
4485,0,,
4486,32,,
4487,0,,
4488,24,,
4489,16,,
4490,0,,
4491,60,,
4492,0,,
4493,0,,
4494,44,,
4495,8,,
4496,0,,
4497,44,,
4498,0,,
4499,60,,
4500,12,,
4501,0,,
4502,36,,
4503,8,,
4504,0,,
4505,36,,
4506,0,,
4507,0,,
4508,12,,
4509,0,,
4510,0,,
4511,0,,
4512,0,,
4513,0,,
4514,0,,
4515,0,,
4516,0,,
4517,0,,
4518,0,,
4519,0,,
4520,0,,
4521,0,,
4522,0,,
4523,0,,
4524,0,,
4525,0,,
4526,0,,
4527,0,,
4528,0,,
4529,0,,
4530,0,,
4531,0,,
4532,0,,
4533,0,,
4534,0,,
4535,0,,
4536,0,,
4537,0,,
4538,0,,
4539,0,,
4540,0,,
4541,0,,
4542,0,,
4543,0,,
4544,0,,
4545,0,,
4546,0,,
4547,0,,
4548,0,,
4549,0,,
4550,0,,
4551,0,,
4552,0,,
4553,0,,
4554,0,,
4555,0,,
4556,0,,
4557,0,,
4558,0,,
4559,0,,
4560,0,,
4561,0,,
4562,0,,
4563,0,,
4564,0,,
4565,0,,
4566,0,,
4567,0,,
4568,0,,
4569,0,,
4570,0,,
4571,0,,
4572,0,,
4573,0,,
4574,0,,
4575,0,,
4576,0,,
4577,0,,
4578,0,,
4579,0,,
4580,0,,
4581,0,,
4582,0,,
4583,0,,
4584,0,,
4585,0,,
4586,0,,
4587,0,,
4588,0,,
4589,0,,
4590,0,,
4591,0,,
4592,0,,
4593,0,,
4594,0,,
4595,0,,
4596,0,,
4597,0,,
4598,0,,
4599,0,,
4600,0,,
4601,0,,
4602,0,,
4603,0,,
4604,0,,
4605,0,,
4606,0,,
4607,0,,
4608,0,,
4609,0,,
4610,0,,
4611,0,,
4612,0,,
4613,0,,
4614,0,,
4615,0,,
4616,0,,
4617,0,,
4618,0,,
4619,0,,
4620,0,,
4621,0,,
4622,0,,
4623,0,,
4624,0,,
4625,0,,
4626,0,,
4627,0,,
4628,0,,
4629,0,,
4630,0,,
4631,0,,
4632,0,,
4633,0,,
4634,0,,
4635,0,,
4636,0,,
4637,0,,
4638,0,,
4639,0,,
4640,0,,
4641,0,,
4642,0,,
4643,0,,
4644,0,,
4645,0,,
4646,0,,
4647,0,,
4648,0,,
4649,0,,
4650,0,,
4651,0,,
4652,0,,
4653,0,,
4654,0,,
4655,0,,
4656,0,,
4657,0,,
4658,0,,
4659,0,,
4660,0,,
4661,0,,
4662,0,,
4663,0,,
4664,0,,
4665,0,,
4666,0,,
4667,0,,
4668,0,,
4669,0,,
4670,0,,
4671,0,,
4672,0,,
4673,0,,
4674,0,,
4675,0,,
4676,0,,
4677,0,,
4678,0,,
4679,0,,
4680,0,,
4681,0,,
4682,0,,
4683,0,,
4684,0,,
4685,0,,
4686,0,,
4687,0,,
4688,0,,
4689,0,,
4690,0,,
4691,0,,
4692,0,,
4693,0,,
4694,0,,
4695,0,,
4696,0,,
4697,0,,
4698,0,,
4699,0,,
4700,0,,
4701,0,,
4702,0,,
4703,0,,
4704,0,,
4705,0,,
4706,0,,
4707,0,,
4708,0,,
4709,0,,
4710,0,,
4711,0,,
4712,0,,
4713,0,,
4714,0,,
4715,0,,
4716,0,,
4717,0,,
4718,0,,
4719,0,,
4720,0,,
4721,0,,
4722,0,,
4723,0,,
4724,0,,
4725,0,,
4726,0,,
4727,0,,
4728,0,,
4729,0,,
4730,0,,
4731,0,,
4732,0,,
4733,0,,
4734,0,,
4735,0,,
4736,0,,
4737,0,,
4738,0,,
4739,0,,
4740,0,,
4741,0,,
4742,0,,
4743,0,,
4744,0,,
4745,0,,
4746,0,,
4747,0,,
4748,0,,
4749,0,,
4750,0,,
4751,0,,
4752,0,,
4753,0,,
4754,0,,
4755,0,,
4756,0,,
4757,0,,
4758,0,,
4759,0,,
4760,0,,
4761,0,,
4762,0,,
4763,0,,
4764,0,,
4765,0,,
4766,0,,
4767,0,,
4768,0,,
4769,0,,
4770,0,,
4771,0,,
4772,0,,
4773,0,,
4774,0,,
4775,0,,
4776,0,,
4777,0,,
4778,0,,
4779,0,,
4780,0,,
4781,0,,
4782,0,,
4783,0,,
4784,0,,
4785,0,,
4786,0,,
4787,0,,
4788,0,,
4789,0,,
4790,0,,
4791,0,,
4792,0,,
4793,0,,
4794,0,,
4795,0,,
4796,0,,
4797,0,,
4798,0,,
4799,0,,
4800,0,,
4801,0,,
4802,0,,
4803,0,,
4804,0,,
4805,0,,
4806,0,,
4807,0,,
4808,0,,
4809,0,,
4810,0,,
4811,0,,
4812,0,,
4813,0,,
4814,0,,
4815,0,,
4816,0,,
4817,0,,
4818,0,,
4819,0,,
4820,0,,
4821,0,,
4822,0,,
4823,0,,
4824,0,,
4825,0,,
4826,0,,
4827,0,,
4828,0,,
4829,0,,
4830,0,,
4831,0,,
4832,0,,
4833,0,,
4834,0,,
4835,0,,
4836,0,,
4837,0,,
4838,0,,
4839,0,,
4840,0,,
4841,0,,
4842,0,,
4843,0,,
4844,0,,
4845,0,,
4846,0,,
4847,0,,
4848,0,,
4849,0,,
4850,0,,
4851,0,,
4852,0,,
4853,0,,
4854,0,,
4855,0,,
4856,0,,
4857,0,,
4858,0,,
4859,0,,
4860,0,,
4861,0,,
4862,0,,
4863,0,,
4864,0,,
4865,0,,
4866,0,,
4867,0,,
4868,0,,
4869,0,,
4870,0,,
4871,0,,
4872,0,,
4873,0,,
4874,0,,
4875,0,,
4876,0,,
4877,0,,
4878,0,,
4879,0,,
4880,0,,
4881,0,,
4882,0,,
4883,0,,
4884,0,,
4885,0,,
4886,0,,
4887,0,,
4888,0,,
4889,0,,
4890,0,,
4891,0,,
4892,0,,
4893,0,,
4894,0,,
4895,0,,
4896,0,,
4897,0,,
4898,0,,
4899,0,,
4900,0,,
4901,0,,
4902,0,,
4903,0,,
4904,0,,
4905,0,,
4906,0,,
4907,0,,
4908,0,,
4909,0,,
4910,0,,
4911,0,,
4912,0,,
4913,0,,
4914,0,,
4915,0,,
4916,0,,
4917,0,,
4918,0,,
4919,0,,
4920,0,,
4921,0,,
4922,0,,
4923,0,,
4924,0,,
4925,0,,
4926,0,,
4927,0,,
4928,0,,
4929,0,,
4930,0,,
4931,0,,
4932,0,,
4933,0,,
4934,0,,
4935,0,,
4936,0,,
4937,0,,
4938,0,,
4939,0,,
4940,0,,
4941,0,,
4942,0,,
4943,0,,
4944,0,,
4945,0,,
4946,0,,
4947,0,,
4948,0,,
4949,0,,
4950,0,,
4951,0,,
4952,0,,
4953,0,,
4954,0,,
4955,0,,
4956,0,,
4957,0,,
4958,0,,
4959,0,,
4960,0,,
4961,0,,
4962,0,,
4963,0,,
4964,0,,
4965,0,,
4966,0,,
4967,0,,
4968,0,,
4969,0,,
4970,0,,
4971,0,,
4972,0,,
4973,0,,
4974,0,,
4975,0,,
4976,0,,
4977,0,,
4978,0,,
4979,0,,
4980,0,,
4981,0,,
4982,0,,
4983,0,,
4984,0,,
4985,0,,
4986,0,,
4987,0,,
4988,0,,
4989,0,,
4990,0,,
4991,0,,
4992,0,,
4993,0,,
4994,0,,
4995,0,,
4996,0,,
4997,0,,
4998,0,,
4999,0,,
5000,0,,
5001,0,,
5002,0,,
5003,0,,
5004,0,,
5005,0,,
5006,0,,
5007,0,,
5008,0,,
5009,0,,
5010,0,,
5011,0,,
5012,0,,
5013,0,,
5014,0,,
5015,0,,
5016,0,,
5017,0,,
5018,0,,
5019,0,,
5020,0,,
5021,0,,
5022,0,,
5023,0,,
5024,0,,
5025,0,,
5026,0,,
5027,0,,
5028,0,,
5029,0,,
5030,0,,
5031,0,,
5032,0,,
5033,0,,
5034,0,,
5035,0,,
5036,0,,
5037,0,,
5038,0,,
5039,0,,
5040,0,,
5041,0,,
5042,0,,
5043,0,,
5044,0,,
5045,0,,
5046,0,,
5047,0,,
5048,0,,
5049,0,,
5050,0,,
5051,0,,
5052,0,,
5053,0,,
5054,0,,
5055,0,,
5056,0,,
5057,0,,
5058,0,,
5059,0,,
5060,0,,
5061,0,,
5062,0,,
5063,0,,
5064,0,,
5065,0,,
5066,0,,
5067,0,,
5068,0,,
5069,0,,
5070,0,,
5071,0,,
5072,0,,
5073,0,,
5074,0,,
5075,0,,
5076,0,,
5077,0,,
5078,0,,
5079,0,,
5080,0,,
5081,0,,
5082,0,,
5083,0,,
5084,0,,
5085,0,,
5086,0,,
5087,0,,
5088,0,,
5089,0,,
5090,0,,
5091,0,,
5092,0,,
5093,0,,
5094,0,,
5095,0,,
5096,0,,
5097,0,,
5098,0,,
5099,0,,
5100,0,,
5101,0,,
5102,0,,
5103,0,,
5104,0,,
5105,0,,
5106,0,,
5107,0,,
5108,0,,
5109,0,,
5110,0,,
5111,0,,
5112,0,,
5113,0,,
5114,0,,
5115,0,,
5116,0,,
5117,0,,
5118,0,,
5119,0,,
5120,0,,
5121,0,,
5122,0,,
5123,0,,
5124,0,,
5125,0,,
5126,0,,
5127,0,,
5128,0,,
5129,0,,
5130,0,,
5131,0,,
5132,0,,
5133,0,,
5134,0,,
5135,0,,
5136,0,,
5137,0,,
5138,0,,
5139,0,,
5140,0,,
5141,0,,
5142,0,,
5143,0,,
5144,0,,
5145,0,,
5146,0,,
5147,0,,
5148,0,,
5149,0,,
5150,0,,
5151,0,,
5152,0,,
5153,0,,
5154,0,,
5155,0,,
5156,0,,
5157,0,,
5158,0,,
5159,0,,
5160,0,,
5161,0,,
5162,0,,
5163,0,,
5164,0,,
5165,0,,
5166,0,,
5167,0,,
5168,0,,
5169,0,,
5170,0,,
5171,0,,
5172,0,,
5173,0,,
5174,0,,
5175,0,,
5176,0,,
5177,0,,
5178,0,,
5179,0,,
5180,0,,
5181,0,,
5182,0,,
5183,0,,
5184,0,,
5185,0,,
5186,0,,
5187,0,,
5188,0,,
5189,0,,
5190,0,,
5191,0,,
5192,0,,
5193,0,,
5194,0,,
5195,0,,
5196,0,,
5197,0,,
5198,0,,
5199,0,,
5200,0,,
5201,0,,
5202,0,,
5203,0,,
5204,0,,
5205,0,,
5206,0,,
5207,0,,
5208,0,,
5209,0,,
5210,0,,
5211,0,,
5212,0,,
5213,0,,
5214,0,,
5215,0,,
5216,0,,
5217,0,,
5218,0,,
5219,0,,
5220,0,,
5221,0,,
5222,0,,
5223,0,,
5224,0,,
5225,0,,
5226,0,,
5227,0,,
5228,0,,
5229,0,,
5230,0,,
5231,0,,
5232,0,,
5233,0,,
5234,0,,
5235,0,,
5236,0,,
5237,0,,
5238,0,,
5239,0,,
5240,0,,
5241,0,,
5242,0,,
5243,0,,
5244,0,,
5245,0,,
5246,0,,
5247,0,,
5248,0,,
5249,0,,
5250,0,,
5251,0,,
5252,0,,
5253,0,,
5254,0,,
5255,0,,
5256,0,,
5257,0,,
5258,0,,
5259,0,,
5260,0,,
5261,0,,
5262,0,,
5263,0,,
5264,0,,
5265,0,,
5266,0,,
5267,0,,
5268,0,,
5269,0,,
5270,0,,
5271,0,,
5272,0,,
5273,0,,
5274,0,,
5275,0,,
5276,0,,
5277,0,,
5278,0,,
5279,0,,
5280,0,,
5281,0,,
5282,0,,
5283,0,,
5284,0,,
5285,0,,
5286,0,,
5287,0,,
5288,0,,
5289,0,,
5290,0,,
5291,0,,
5292,0,,
5293,0,,
5294,0,,
5295,0,,
5296,0,,
5297,0,,
5298,0,,
5299,0,,
5300,0,,
5301,0,,
5302,0,,
5303,0,,
5304,0,,
5305,0,,
5306,0,,
5307,0,,
5308,0,,
5309,0,,
5310,0,,
5311,0,,
5312,0,,
5313,0,,
5314,0,,
5315,0,,
5316,0,,
5317,0,,
5318,0,,
5319,0,,
5320,0,,
5321,0,,
5322,0,,
5323,0,,
5324,0,,
5325,0,,
5326,0,,
5327,0,,
5328,0,,
5329,0,,
5330,0,,
5331,0,,
5332,0,,
5333,0,,
5334,0,,
5335,0,,
5336,0,,
5337,0,,
5338,0,,
5339,0,,
5340,0,,
5341,0,,
5342,0,,
5343,0,,
5344,0,,
5345,0,,
5346,0,,
5347,0,,
5348,0,,
5349,0,,
5350,0,,
5351,0,,
5352,0,,
5353,0,,
5354,0,,
5355,0,,
5356,0,,
5357,0,,
5358,0,,
5359,0,,
5360,0,,
5361,0,,
5362,0,,
5363,0,,
5364,0,,
5365,0,,
5366,0,,
5367,0,,
5368,0,,
5369,0,,
5370,0,,
5371,0,,
5372,0,,
5373,0,,
5374,0,,
5375,0,,
5376,0,,
5377,0,,
5378,0,,
5379,0,,
5380,0,,
5381,0,,
5382,0,,
5383,0,,
5384,0,,
5385,0,,
5386,0,,
5387,0,,
5388,0,,
5389,0,,
5390,0,,
5391,0,,
5392,0,,
5393,0,,
5394,0,,
5395,0,,
5396,0,,
5397,0,,
5398,0,,
5399,0,,
5400,0,,
5401,0,,
5402,0,,
5403,0,,
5404,0,,
5405,0,,
5406,0,,
5407,0,,
5408,0,,
5409,0,,
5410,0,,
5411,0,,
5412,0,,
5413,0,,
5414,0,,
5415,0,,
5416,0,,
5417,0,,
5418,0,,
5419,0,,
5420,0,,
5421,0,,
5422,0,,
5423,0,,
5424,0,,
5425,0,,
5426,0,,
5427,0,,
5428,0,,
5429,0,,
5430,0,,
5431,0,,
5432,0,,
5433,0,,
5434,0,,
5435,0,,
5436,0,,
5437,0,,
5438,0,,
5439,0,,
5440,0,,
5441,0,,
5442,0,,
5443,0,,
5444,0,,
5445,0,,
5446,0,,
5447,0,,
5448,0,,
5449,0,,
5450,0,,
5451,0,,
5452,0,,
5453,0,,
5454,0,,
5455,0,,
5456,0,,
5457,0,,
5458,0,,
5459,0,,
5460,0,,
5461,0,,
5462,0,,
5463,0,,
5464,0,,
5465,0,,
5466,0,,
5467,0,,
5468,0,,
5469,0,,
5470,0,,
5471,0,,
5472,0,,
5473,0,,
5474,0,,
5475,0,,
5476,0,,
5477,0,,
5478,0,,
5479,0,,
5480,0,,
5481,0,,
5482,0,,
5483,0,,
5484,0,,
5485,0,,
5486,0,,
5487,0,,
5488,0,,
5489,0,,
5490,0,,
5491,0,,
5492,0,,
5493,0,,
5494,0,,
5495,0,,
5496,0,,
5497,0,,
5498,0,,
5499,0,,
5500,0,,
5501,0,,
5502,0,,
5503,0,,
5504,0,,
5505,0,,
5506,0,,
5507,0,,
5508,0,,
5509,0,,
5510,0,,
5511,0,,
5512,0,,
5513,0,,
5514,0,,
5515,0,,
5516,0,,
5517,0,,
5518,0,,
5519,0,,
5520,0,,
5521,0,,
5522,0,,
5523,0,,
5524,0,,
5525,0,,
5526,0,,
5527,0,,
5528,0,,
5529,0,,
5530,0,,
5531,0,,
5532,0,,
5533,0,,
5534,0,,
5535,0,,
5536,0,,
5537,0,,
5538,0,,
5539,0,,
5540,0,,
5541,0,,
5542,0,,
5543,0,,
5544,0,,
5545,0,,
5546,0,,
5547,0,,
5548,0,,
5549,0,,
5550,0,,
5551,0,,
5552,0,,
5553,0,,
5554,0,,
5555,0,,
5556,0,,
5557,0,,
5558,0,,
5559,0,,
5560,0,,
5561,0,,
5562,0,,
5563,0,,
5564,0,,
5565,0,,
5566,0,,
5567,0,,
5568,0,,
5569,0,,
5570,0,,
5571,0,,
5572,0,,
5573,0,,
5574,0,,
5575,0,,
5576,0,,
5577,0,,
5578,0,,
5579,0,,
5580,0,,
5581,0,,
5582,0,,
5583,0,,
5584,0,,
5585,0,,
5586,0,,
5587,0,,
5588,0,,
5589,0,,
5590,0,,
5591,0,,
5592,0,,
5593,0,,
5594,0,,
5595,0,,
5596,0,,
5597,0,,
5598,0,,
5599,0,,
5600,0,,
5601,0,,
5602,0,,
5603,0,,
5604,0,,
5605,0,,
5606,0,,
5607,0,,
5608,0,,
5609,0,,
5610,0,,
5611,0,,
5612,0,,
5613,0,,
5614,0,,
5615,0,,
5616,0,,
5617,0,,
5618,0,,
5619,0,,
5620,0,,
5621,0,,
5622,0,,
5623,0,,
5624,0,,
5625,0,,
5626,0,,
5627,0,,
5628,0,,
5629,0,,
5630,0,,
5631,0,,
5632,0,,
5633,0,,
5634,0,,
5635,0,,
5636,0,,
5637,0,,
5638,0,,
5639,0,,
5640,0,,
5641,0,,
5642,0,,
5643,0,,
5644,0,,
5645,0,,
5646,0,,
5647,0,,
5648,0,,
5649,0,,
5650,0,,
5651,0,,
5652,0,,
5653,0,,
5654,0,,
5655,0,,
5656,0,,
5657,0,,
5658,0,,
5659,0,,
5660,0,,
5661,0,,
5662,0,,
5663,0,,
5664,0,,
5665,0,,
5666,0,,
5667,0,,
5668,0,,
5669,0,,
5670,0,,
5671,0,,
5672,0,,
5673,0,,
5674,0,,
5675,0,,
5676,0,,
5677,0,,
5678,0,,
5679,0,,
5680,0,,
5681,0,,
5682,0,,
5683,0,,
5684,0,,
5685,0,,
5686,0,,
5687,0,,
5688,0,,
5689,0,,
5690,0,,
5691,0,,
5692,0,,
5693,0,,
5694,0,,
5695,0,,
5696,0,,
5697,0,,
5698,0,,
5699,0,,
5700,0,,
5701,0,,
5702,0,,
5703,0,,
5704,0,,
5705,0,,
5706,0,,
5707,0,,
5708,0,,
5709,0,,
5710,0,,
5711,0,,
5712,0,,
5713,0,,
5714,0,,
5715,0,,
5716,0,,
5717,0,,
5718,0,,
5719,0,,
5720,0,,
5721,0,,
5722,0,,
5723,0,,
5724,0,,
5725,0,,
5726,0,,
5727,0,,
5728,0,,
5729,0,,
5730,0,,
5731,0,,
5732,0,,
5733,0,,
5734,0,,
5735,0,,
5736,0,,
5737,0,,
5738,0,,
5739,0,,
5740,0,,
5741,0,,
5742,0,,
5743,0,,
5744,0,,
5745,0,,
5746,0,,
5747,0,,
5748,0,,
5749,0,,
5750,0,,
5751,0,,
5752,0,,
5753,0,,
5754,0,,
5755,0,,
5756,0,,
5757,0,,
5758,0,,
5759,0,,
5760,0,,
5761,0,,
5762,0,,
5763,0,,
5764,0,,
5765,0,,
5766,0,,
5767,0,,
5768,0,,
5769,0,,
5770,0,,
5771,0,,
5772,0,,
5773,0,,
5774,0,,
5775,0,,
5776,0,,
5777,0,,
5778,0,,
5779,0,,
5780,0,,
5781,0,,
5782,0,,
5783,0,,
5784,0,,
5785,0,,
5786,0,,
5787,0,,
5788,0,,
5789,0,,
5790,0,,
5791,0,,
5792,0,,
5793,0,,
5794,0,,
5795,0,,
5796,0,,
5797,0,,
5798,0,,
5799,0,,
5800,0,,
5801,0,,
5802,0,,
5803,0,,
5804,0,,
5805,0,,
5806,0,,
5807,0,,
5808,0,,
5809,0,,
5810,0,,
5811,0,,
5812,0,,
5813,0,,
5814,0,,
5815,0,,
5816,0,,
5817,0,,
5818,0,,
5819,0,,
5820,0,,
5821,0,,
5822,0,,
5823,0,,
5824,0,,
5825,0,,
5826,0,,
5827,0,,
5828,0,,
5829,0,,
5830,0,,
5831,0,,
5832,0,,
5833,0,,
5834,0,,
5835,0,,
5836,0,,
5837,0,,
5838,0,,
5839,0,,
5840,0,,
5841,0,,
5842,0,,
5843,0,,
5844,0,,
5845,0,,
5846,0,,
5847,0,,
5848,0,,
5849,0,,
5850,0,,
5851,0,,
5852,0,,
5853,0,,
5854,0,,
5855,0,,
5856,0,,
5857,0,,
5858,0,,
5859,0,,
5860,0,,
5861,0,,
5862,0,,
5863,0,,
5864,0,,
5865,0,,
5866,0,,
5867,0,,
5868,0,,
5869,0,,
5870,0,,
5871,0,,
5872,0,,
5873,0,,
5874,0,,
5875,0,,
5876,0,,
5877,0,,
5878,0,,
5879,0,,
5880,0,,
5881,0,,
5882,0,,
5883,0,,
5884,0,,
5885,0,,
5886,0,,
5887,0,,
5888,0,,
5889,0,,
5890,0,,
5891,0,,
5892,0,,
5893,0,,
5894,0,,
5895,0,,
5896,0,,
5897,0,,
5898,0,,
5899,0,,
5900,0,,
5901,0,,
5902,0,,
5903,0,,
5904,0,,
5905,0,,
5906,0,,
5907,0,,
5908,0,,
5909,0,,
5910,0,,
5911,0,,
5912,0,,
5913,0,,
5914,0,,
5915,0,,
5916,0,,
5917,0,,
5918,0,,
5919,0,,
5920,0,,
5921,0,,
5922,0,,
5923,0,,
5924,0,,
5925,0,,
5926,0,,
5927,0,,
5928,0,,
5929,0,,
5930,0,,
5931,0,,
5932,0,,
5933,0,,
5934,0,,
5935,0,,
5936,0,,
5937,0,,
5938,0,,
5939,0,,
5940,0,,
5941,0,,
5942,0,,
5943,0,,
5944,0,,
5945,0,,
5946,0,,
5947,0,,
5948,0,,
5949,0,,
5950,0,,
5951,0,,
5952,0,,
5953,0,,
5954,0,,
5955,0,,
5956,0,,
5957,0,,
5958,0,,
5959,0,,
5960,0,,
5961,0,,
5962,0,,
5963,0,,
5964,0,,
5965,0,,
5966,0,,
5967,0,,
5968,0,,
5969,0,,
5970,0,,
5971,0,,
5972,0,,
5973,0,,
5974,0,,
5975,0,,
5976,0,,
5977,0,,
5978,0,,
5979,0,,
5980,0,,
5981,0,,
5982,0,,
5983,0,,
5984,0,,
5985,0,,
5986,0,,
5987,0,,
5988,0,,
5989,0,,
5990,0,,
5991,0,,
5992,0,,
5993,0,,
5994,0,,
5995,0,,
5996,0,,
5997,0,,
5998,0,,
5999,0,,
6000,0,,
6001,0,,
6002,0,,
6003,0,,
6004,0,,
6005,0,,
6006,0,,
6007,0,,
6008,0,,
6009,0,,
6010,0,,
6011,0,,
6012,0,,
6013,0,,
6014,0,,
6015,0,,
6016,0,,
6017,0,,
6018,0,,
6019,0,,
6020,0,,
6021,0,,
6022,0,,
6023,0,,
6024,0,,
6025,0,,
6026,0,,
6027,0,,
6028,0,,
6029,0,,
6030,0,,
6031,0,,
6032,0,,
6033,0,,
6034,0,,
6035,0,,
6036,0,,
6037,0,,
6038,0,,
6039,0,,
6040,0,,
6041,0,,
6042,0,,
6043,0,,
6044,0,,
6045,0,,
6046,0,,
6047,0,,
6048,0,,
6049,0,,
6050,0,,
6051,0,,
6052,0,,
6053,0,,
6054,0,,
6055,0,,
6056,0,,
6057,0,,
6058,0,,
6059,0,,
6060,0,,
6061,0,,
6062,0,,
6063,0,,
6064,0,,
6065,0,,
6066,0,,
6067,0,,
6068,0,,
6069,0,,
6070,0,,
6071,0,,
6072,0,,
6073,0,,
6074,0,,
6075,0,,
6076,0,,
6077,0,,
6078,0,,
6079,0,,
6080,0,,
6081,0,,
6082,0,,
6083,0,,
6084,0,,
6085,0,,
6086,0,,
6087,0,,
6088,0,,
6089,0,,
6090,0,,
6091,0,,
6092,0,,
6093,0,,
6094,0,,
6095,0,,
6096,0,,
6097,0,,
6098,0,,
6099,0,,
6100,0,,
6101,0,,
6102,0,,
6103,0,,
6104,0,,
6105,0,,
6106,0,,
6107,0,,
6108,0,,
6109,0,,
6110,0,,
6111,0,,
6112,0,,
6113,0,,
6114,0,,
6115,0,,
6116,0,,
6117,0,,
6118,0,,
6119,0,,
6120,0,,
6121,0,,
6122,0,,
6123,0,,
6124,0,,
6125,0,,
6126,0,,
6127,0,,
6128,0,,
6129,0,,
6130,0,,
6131,0,,
6132,0,,
6133,0,,
6134,0,,
6135,0,,
6136,0,,
6137,0,,
6138,0,,
6139,0,,
6140,0,,
6141,0,,
6142,0,,
6143,0,,
6144,0,,
6145,0,,
6146,0,,
6147,0,,
6148,0,,
6149,0,,
6150,0,,
6151,0,,
6152,0,,
6153,0,,
6154,0,,
6155,0,,
6156,0,,
6157,0,,
6158,0,,
6159,0,,
6160,0,,
6161,0,,
6162,0,,
6163,0,,
6164,0,,
6165,0,,
6166,0,,
6167,0,,
6168,0,,
6169,0,,
6170,0,,
6171,0,,
6172,0,,
6173,0,,
6174,0,,
6175,0,,
6176,0,,
6177,0,,
6178,0,,
6179,0,,
6180,0,,
6181,0,,
6182,0,,
6183,0,,
6184,0,,
6185,0,,
6186,0,,
6187,0,,
6188,0,,
6189,0,,
6190,0,,
6191,0,,
6192,0,,
6193,0,,
6194,0,,
6195,0,,
6196,0,,
6197,0,,
6198,0,,
6199,0,,
6200,0,,
6201,0,,
6202,0,,
6203,0,,
6204,0,,
6205,0,,
6206,0,,
6207,0,,
6208,0,,
6209,0,,
6210,0,,
6211,0,,
6212,0,,
6213,0,,
6214,0,,
6215,0,,
6216,0,,
6217,0,,
6218,0,,
6219,0,,
6220,0,,
6221,0,,
6222,0,,
6223,0,,
6224,0,,
6225,0,,
6226,0,,
6227,0,,
6228,0,,
6229,0,,
6230,0,,
6231,0,,
6232,0,,
6233,0,,
6234,0,,
6235,0,,
6236,0,,
6237,0,,
6238,0,,
6239,0,,
6240,0,,
6241,0,,
6242,0,,
6243,0,,
6244,0,,
6245,0,,
6246,0,,
6247,0,,
6248,0,,
6249,0,,
6250,0,,
6251,0,,
6252,0,,
6253,0,,
6254,0,,
6255,0,,
6256,0,,
6257,0,,
6258,0,,
6259,0,,
6260,0,,
6261,0,,
6262,0,,
6263,0,,
6264,0,,
6265,0,,
6266,0,,
6267,0,,
6268,0,,
6269,0,,
6270,0,,
6271,0,,
6272,0,,
6273,0,,
6274,0,,
6275,0,,
6276,0,,
6277,0,,
6278,0,,
6279,0,,
6280,0,,
6281,0,,
6282,0,,
6283,0,,
6284,0,,
6285,0,,
6286,0,,
6287,0,,
6288,0,,
6289,0,,
6290,0,,
6291,0,,
6292,0,,
6293,0,,
6294,0,,
6295,0,,
6296,0,,
6297,0,,
6298,0,,
6299,0,,
6300,0,,
6301,0,,
6302,0,,
6303,0,,
6304,0,,
6305,0,,
6306,0,,
6307,0,,
6308,0,,
6309,0,,
6310,0,,
6311,0,,
6312,0,,
6313,0,,
6314,0,,
6315,0,,
6316,0,,
6317,0,,
6318,0,,
6319,0,,
6320,0,,
6321,0,,
6322,0,,
6323,0,,
6324,0,,
6325,0,,
6326,0,,
6327,0,,
6328,0,,
6329,0,,
6330,0,,
6331,0,,
6332,0,,
6333,0,,
6334,0,,
6335,0,,
6336,0,,
6337,0,,
6338,0,,
6339,0,,
6340,0,,
6341,0,,
6342,0,,
6343,0,,
6344,0,,
6345,0,,
6346,0,,
6347,0,,
6348,0,,
6349,0,,
6350,0,,
6351,0,,
6352,0,,
6353,0,,
6354,0,,
6355,0,,
6356,0,,
6357,0,,
6358,0,,
6359,0,,
6360,0,,
6361,0,,
6362,0,,
6363,0,,
6364,0,,
6365,0,,
6366,0,,
6367,0,,
6368,0,,
6369,0,,
6370,0,,
6371,0,,
6372,0,,
6373,0,,
6374,0,,
6375,0,,
6376,0,,
6377,0,,
6378,0,,
6379,0,,
6380,0,,
6381,0,,
6382,0,,
6383,0,,
6384,0,,
6385,0,,
6386,0,,
6387,0,,
6388,0,,
6389,0,,
6390,0,,
6391,0,,
6392,0,,
6393,0,,
6394,0,,
6395,0,,
6396,0,,
6397,0,,
6398,0,,
6399,0,,
6400,0,,
6401,0,,
6402,0,,
6403,0,,
6404,0,,
6405,0,,
6406,0,,
6407,0,,
6408,0,,
6409,0,,
6410,0,,
6411,0,,
6412,0,,
6413,0,,
6414,0,,
6415,0,,
6416,0,,
6417,0,,
6418,0,,
6419,0,,
6420,0,,
6421,0,,
6422,0,,
6423,0,,
6424,0,,
6425,0,,
6426,0,,
6427,0,,
6428,0,,
6429,0,,
6430,0,,
6431,0,,
6432,0,,
6433,0,,
6434,0,,
6435,0,,
6436,0,,
6437,0,,
6438,0,,
6439,0,,
6440,0,,
6441,0,,
6442,0,,
6443,0,,
6444,0,,
6445,0,,
6446,0,,
6447,0,,
6448,0,,
6449,0,,
6450,0,,
6451,0,,
6452,0,,
6453,0,,
6454,0,,
6455,0,,
6456,0,,
6457,0,,
6458,0,,
6459,0,,
6460,0,,
6461,0,,
6462,0,,
6463,0,,
6464,0,,
6465,0,,
6466,0,,
6467,0,,
6468,0,,
6469,0,,
6470,0,,
6471,0,,
6472,0,,
6473,0,,
6474,0,,
6475,0,,
6476,0,,
6477,0,,
6478,0,,
6479,0,,
6480,0,,
6481,0,,
6482,0,,
6483,0,,
6484,0,,
6485,0,,
6486,0,,
6487,0,,
6488,0,,
6489,0,,
6490,0,,
6491,0,,
6492,0,,
6493,0,,
6494,0,,
6495,0,,
6496,0,,
6497,0,,
6498,0,,
6499,0,,
6500,0,,
6501,0,,
6502,0,,
6503,0,,
6504,0,,
6505,0,,
6506,0,,
6507,0,,
6508,0,,
6509,0,,
6510,0,,
6511,0,,
6512,0,,
6513,0,,
6514,0,,
6515,0,,
6516,0,,
6517,0,,
6518,0,,
6519,0,,
6520,0,,
6521,0,,
6522,0,,
6523,0,,
6524,0,,
6525,0,,
6526,0,,
6527,0,,
6528,0,,
6529,0,,
6530,0,,
6531,0,,
6532,0,,
6533,0,,
6534,0,,
6535,0,,
6536,0,,
6537,0,,
6538,0,,
6539,0,,
6540,0,,
6541,0,,
6542,0,,
6543,0,,
6544,0,,
6545,0,,
6546,0,,
6547,0,,
6548,0,,
6549,0,,
6550,0,,
6551,0,,
6552,0,,
6553,0,,
6554,0,,
6555,0,,
6556,0,,
6557,0,,
6558,0,,
6559,0,,
6560,0,,
6561,0,,
6562,0,,
6563,0,,
6564,0,,
6565,0,,
6566,0,,
6567,0,,
6568,0,,
6569,0,,
6570,0,,
6571,0,,
6572,0,,
6573,0,,
6574,0,,
6575,0,,
6576,0,,
6577,0,,
6578,0,,
6579,0,,
6580,0,,
6581,0,,
6582,0,,
6583,0,,
6584,0,,
6585,0,,
6586,0,,
6587,0,,
6588,0,,
6589,0,,
6590,0,,
6591,0,,
6592,0,,
6593,0,,
6594,0,,
6595,0,,
6596,0,,
6597,0,,
6598,0,,
6599,0,,
6600,0,,
6601,0,,
6602,0,,
6603,0,,
6604,0,,
6605,0,,
6606,0,,
6607,0,,
6608,0,,
6609,0,,
6610,0,,
6611,0,,
6612,0,,
6613,0,,
6614,0,,
6615,0,,
6616,0,,
6617,0,,
6618,0,,
6619,0,,
6620,0,,
6621,0,,
6622,0,,
6623,0,,
6624,0,,
6625,0,,
6626,0,,
6627,0,,
6628,0,,
6629,0,,
6630,0,,
6631,0,,
6632,0,,
6633,0,,
6634,0,,
6635,0,,
6636,0,,
6637,0,,
6638,0,,
6639,0,,
6640,0,,
6641,0,,
6642,0,,
6643,0,,
6644,0,,
6645,0,,
6646,0,,
6647,0,,
6648,0,,
6649,0,,
6650,0,,
6651,0,,
6652,0,,
6653,0,,
6654,0,,
6655,0,,
6656,0,,
6657,0,,
6658,0,,
6659,0,,
6660,0,,
6661,0,,
6662,0,,
6663,0,,
6664,0,,
6665,0,,
6666,0,,
6667,0,,
6668,0,,
6669,0,,
6670,0,,
6671,0,,
6672,0,,
6673,0,,
6674,0,,
6675,0,,
6676,0,,
6677,0,,
6678,0,,
6679,0,,
6680,0,,
6681,0,,
6682,0,,
6683,0,,
6684,0,,
6685,0,,
6686,0,,
6687,0,,
6688,0,,
6689,0,,
6690,0,,
6691,0,,
6692,0,,
6693,0,,
6694,0,,
6695,0,,
6696,0,,
6697,0,,
6698,0,,
6699,0,,
6700,0,,
6701,0,,
6702,0,,
6703,0,,
6704,0,,
6705,0,,
6706,0,,
6707,0,,
6708,0,,
6709,0,,
6710,0,,
6711,0,,
6712,0,,
6713,0,,
6714,0,,
6715,0,,
6716,0,,
6717,0,,
6718,0,,
6719,0,,
6720,0,,
6721,0,,
6722,0,,
6723,0,,
6724,0,,
6725,0,,
6726,0,,
6727,0,,
6728,0,,
6729,0,,
6730,0,,
6731,0,,
6732,0,,
6733,0,,
6734,0,,
6735,0,,
6736,0,,
6737,0,,
6738,0,,
6739,0,,
6740,0,,
6741,0,,
6742,0,,
6743,0,,
6744,0,,
6745,0,,
6746,0,,
6747,0,,
6748,0,,
6749,0,,
6750,0,,
6751,0,,
6752,0,,
6753,0,,
6754,0,,
6755,0,,
6756,0,,
6757,0,,
6758,0,,
6759,0,,
6760,0,,
6761,0,,
6762,0,,
6763,0,,
6764,0,,
6765,0,,
6766,0,,
6767,0,,
6768,0,,
6769,0,,
6770,0,,
6771,0,,
6772,0,,
6773,0,,
6774,0,,
6775,0,,
6776,0,,
6777,0,,
6778,0,,
6779,0,,
6780,0,,
6781,0,,
6782,0,,
6783,0,,
6784,0,,
6785,0,,
6786,0,,
6787,0,,
6788,0,,
6789,0,,
6790,0,,
6791,0,,
6792,0,,
6793,0,,
6794,0,,
6795,0,,
6796,0,,
6797,0,,
6798,0,,
6799,0,,
6800,0,,
6801,0,,
6802,0,,
6803,0,,
6804,0,,
6805,0,,
6806,0,,
6807,0,,
6808,0,,
6809,0,,
6810,0,,
6811,0,,
6812,0,,
6813,0,,
6814,0,,
6815,0,,
6816,0,,
6817,0,,
6818,0,,
6819,0,,
6820,0,,
6821,0,,
6822,0,,
6823,0,,
6824,0,,
6825,0,,
6826,0,,
6827,0,,
6828,0,,
6829,0,,
6830,0,,
6831,0,,
6832,0,,
6833,0,,
6834,0,,
6835,0,,
6836,0,,
6837,0,,
6838,0,,
6839,0,,
6840,0,,
6841,0,,
6842,0,,
6843,0,,
6844,0,,
6845,0,,
6846,0,,
6847,0,,
6848,0,,
6849,0,,
6850,0,,
6851,0,,
6852,0,,
6853,0,,
6854,0,,
6855,0,,
6856,0,,
6857,0,,
6858,0,,
6859,0,,
6860,0,,
6861,0,,
6862,0,,
6863,0,,
6864,0,,
6865,0,,
6866,0,,
6867,0,,
6868,0,,
6869,0,,
6870,0,,
6871,0,,
6872,0,,
6873,0,,
6874,0,,
6875,0,,
6876,0,,
6877,0,,
6878,0,,
6879,0,,
6880,0,,
6881,0,,
6882,0,,
6883,0,,
6884,0,,
6885,0,,
6886,0,,
6887,0,,
6888,0,,
6889,0,,
6890,0,,
6891,0,,
6892,0,,
6893,0,,
6894,0,,
6895,0,,
6896,0,,
6897,0,,
6898,0,,
6899,0,,
6900,0,,
6901,0,,
6902,0,,
6903,0,,
6904,0,,
6905,0,,
6906,0,,
6907,0,,
6908,0,,
6909,0,,
6910,0,,
6911,0,,
6912,0,,
6913,0,,
6914,0,,
6915,0,,
6916,0,,
6917,0,,
6918,0,,
6919,0,,
6920,0,,
6921,0,,
6922,0,,
6923,0,,
6924,0,,
6925,0,,
6926,0,,
6927,0,,
6928,0,,
6929,0,,
6930,0,,
6931,0,,
6932,0,,
6933,0,,
6934,0,,
6935,0,,
6936,0,,
6937,0,,
6938,0,,
6939,0,,
6940,0,,
6941,0,,
6942,0,,
6943,0,,
6944,0,,
6945,0,,
6946,0,,
6947,0,,
6948,0,,
6949,0,,
6950,0,,
6951,0,,
6952,0,,
6953,0,,
6954,0,,
6955,0,,
6956,0,,
6957,0,,
6958,0,,
6959,0,,
6960,0,,
6961,0,,
6962,0,,
6963,0,,
6964,0,,
6965,0,,
6966,0,,
6967,0,,
6968,0,,
6969,0,,
6970,0,,
6971,0,,
6972,0,,
6973,0,,
6974,0,,
6975,0,,
6976,0,,
6977,0,,
6978,0,,
6979,0,,
6980,0,,
6981,0,,
6982,0,,
6983,0,,
6984,0,,
6985,0,,
6986,0,,
6987,0,,
6988,0,,
6989,0,,
6990,0,,
6991,0,,
6992,0,,
6993,0,,
6994,0,,
6995,0,,
6996,0,,
6997,0,,
6998,0,,
6999,0,,
7000,0,,
7001,0,,
7002,0,,
7003,0,,
7004,0,,
7005,0,,
7006,0,,
7007,0,,
7008,0,,
7009,0,,
7010,0,,
7011,0,,
7012,0,,
7013,0,,
7014,0,,
7015,0,,
7016,0,,
7017,0,,
7018,0,,
7019,0,,
7020,0,,
7021,0,,
7022,0,,
7023,0,,
7024,0,,
7025,0,,
7026,0,,
7027,0,,
7028,0,,
7029,0,,
7030,0,,
7031,0,,
7032,0,,
7033,0,,
7034,0,,
7035,0,,
7036,0,,
7037,0,,
7038,0,,
7039,0,,
7040,0,,
7041,0,,
7042,0,,
7043,0,,
7044,0,,
7045,0,,
7046,0,,
7047,0,,
7048,0,,
7049,0,,
7050,0,,
7051,0,,
7052,0,,
7053,0,,
7054,0,,
7055,0,,
7056,0,,
7057,0,,
7058,0,,
7059,0,,
7060,0,,
7061,0,,
7062,0,,
7063,0,,
7064,0,,
7065,0,,
7066,0,,
7067,0,,
7068,0,,
7069,0,,
7070,0,,
7071,0,,
7072,0,,
7073,0,,
7074,0,,
7075,0,,
7076,0,,
7077,0,,
7078,0,,
7079,0,,
7080,0,,
7081,0,,
7082,0,,
7083,0,,
7084,0,,
7085,0,,
7086,0,,
7087,0,,
7088,0,,
7089,0,,
7090,0,,
7091,0,,
7092,0,,
7093,0,,
7094,0,,
7095,0,,
7096,0,,
7097,0,,
7098,0,,
7099,0,,
7100,0,,
7101,0,,
7102,0,,
7103,0,,
7104,0,,
7105,0,,
7106,0,,
7107,0,,
7108,0,,
7109,0,,
7110,0,,
7111,0,,
7112,0,,
7113,0,,
7114,0,,
7115,0,,
7116,0,,
7117,0,,
7118,0,,
7119,0,,
7120,0,,
7121,0,,
7122,0,,
7123,0,,
7124,0,,
7125,0,,
7126,0,,
7127,0,,
7128,0,,
7129,0,,
7130,0,,
7131,0,,
7132,0,,
7133,0,,
7134,0,,
7135,0,,
7136,0,,
7137,0,,
7138,0,,
7139,0,,
7140,0,,
7141,0,,
7142,0,,
7143,0,,
7144,0,,
7145,0,,
7146,0,,
7147,0,,
7148,0,,
7149,0,,
7150,0,,
7151,0,,
7152,0,,
7153,0,,
7154,0,,
7155,0,,
7156,0,,
7157,0,,
7158,0,,
7159,0,,
7160,0,,
7161,0,,
7162,0,,
7163,0,,
7164,0,,
7165,0,,
7166,0,,
7167,0,,
7168,0,,
7169,0,,
7170,0,,
7171,0,,
7172,0,,
7173,0,,
7174,0,,
7175,0,,
7176,0,,
7177,0,,
7178,0,,
7179,0,,
7180,0,,
7181,0,,
7182,0,,
7183,0,,
7184,0,,
7185,0,,
7186,0,,
7187,0,,
7188,0,,
7189,0,,
7190,0,,
7191,0,,
7192,0,,
7193,0,,
7194,0,,
7195,0,,
7196,0,,
7197,0,,
7198,0,,
7199,0,,
7200,0,,
7201,0,,
7202,0,,
7203,0,,
7204,0,,
7205,0,,
7206,0,,
7207,0,,
7208,0,,
7209,0,,
7210,0,,
7211,0,,
7212,0,,
7213,0,,
7214,0,,
7215,0,,
7216,0,,
7217,0,,
7218,0,,
7219,0,,
7220,0,,
7221,0,,
7222,0,,
7223,0,,
7224,0,,
7225,0,,
7226,0,,
7227,0,,
7228,0,,
7229,0,,
7230,0,,
7231,0,,
7232,0,,
7233,0,,
7234,0,,
7235,0,,
7236,0,,
7237,0,,
7238,0,,
7239,0,,
7240,0,,
7241,0,,
7242,0,,
7243,0,,
7244,0,,
7245,0,,
7246,0,,
7247,0,,
7248,0,,
7249,0,,
7250,0,,
7251,0,,
7252,0,,
7253,0,,
7254,0,,
7255,0,,
7256,0,,
7257,0,,
7258,0,,
7259,0,,
7260,0,,
7261,0,,
7262,0,,
7263,0,,
7264,0,,
7265,0,,
7266,0,,
7267,0,,
7268,0,,
7269,0,,
7270,0,,
7271,0,,
7272,0,,
7273,0,,
7274,0,,
7275,0,,
7276,0,,
7277,0,,
7278,0,,
7279,0,,
7280,0,,
7281,0,,
7282,0,,
7283,0,,
7284,0,,
7285,0,,
7286,0,,
7287,0,,
7288,0,,
7289,0,,
7290,0,,
7291,0,,
7292,0,,
7293,0,,
7294,0,,
7295,0,,
7296,0,,
7297,0,,
7298,0,,
7299,0,,
7300,0,,
7301,0,,
7302,0,,
7303,0,,
7304,0,,
7305,0,,
7306,0,,
7307,0,,
7308,0,,
7309,0,,
7310,0,,
7311,0,,
7312,0,,
7313,0,,
7314,0,,
7315,0,,
7316,0,,
7317,0,,
7318,0,,
7319,0,,
7320,0,,
7321,0,,
7322,0,,
7323,0,,
7324,0,,
7325,0,,
7326,0,,
7327,0,,
7328,0,,
7329,0,,
7330,0,,
7331,0,,
7332,0,,
7333,0,,
7334,0,,
7335,0,,
7336,0,,
7337,0,,
7338,0,,
7339,0,,
7340,0,,
7341,0,,
7342,0,,
7343,0,,
7344,0,,
7345,0,,
7346,0,,
7347,0,,
7348,0,,
7349,0,,
7350,0,,
7351,0,,
7352,0,,
7353,0,,
7354,0,,
7355,0,,
7356,0,,
7357,0,,
7358,0,,
7359,0,,
7360,0,,
7361,0,,
7362,0,,
7363,0,,
7364,0,,
7365,0,,
7366,0,,
7367,0,,
7368,0,,
7369,0,,
7370,0,,
7371,0,,
7372,0,,
7373,0,,
7374,0,,
7375,0,,
7376,0,,
7377,0,,
7378,0,,
7379,0,,
7380,0,,
7381,0,,
7382,0,,
7383,0,,
7384,0,,
7385,0,,
7386,0,,
7387,0,,
7388,0,,
7389,0,,
7390,0,,
7391,0,,
7392,0,,
7393,0,,
7394,0,,
7395,0,,
7396,0,,
7397,0,,
7398,0,,
7399,0,,
7400,0,,
7401,0,,
7402,0,,
7403,0,,
7404,0,,
7405,0,,
7406,0,,
7407,0,,
7408,0,,
7409,0,,
7410,0,,
7411,0,,
7412,0,,
7413,0,,
7414,0,,
7415,0,,
7416,0,,
7417,0,,
7418,0,,
7419,0,,
7420,0,,
7421,0,,
7422,0,,
7423,0,,
7424,0,,
7425,0,,
7426,0,,
7427,0,,
7428,0,,
7429,0,,
7430,0,,
7431,0,,
7432,0,,
7433,0,,
7434,0,,
7435,0,,
7436,0,,
7437,0,,
7438,0,,
7439,0,,
7440,0,,
7441,0,,
7442,0,,
7443,0,,
7444,0,,
7445,0,,
7446,0,,
7447,0,,
7448,0,,
7449,0,,
7450,0,,
7451,0,,
7452,0,,
7453,0,,
7454,0,,
7455,0,,
7456,0,,
7457,0,,
7458,0,,
7459,0,,
7460,0,,
7461,0,,
7462,0,,
7463,0,,
7464,0,,
7465,0,,
7466,0,,
7467,0,,
7468,0,,
7469,0,,
7470,0,,
7471,0,,
7472,0,,
7473,0,,
7474,0,,
7475,0,,
7476,0,,
7477,0,,
7478,0,,
7479,0,,
7480,0,,
7481,0,,
7482,0,,
7483,0,,
7484,0,,
7485,0,,
7486,0,,
7487,0,,
7488,0,,
7489,0,,
7490,0,,
7491,0,,
7492,0,,
7493,0,,
7494,0,,
7495,0,,
7496,0,,
7497,0,,
7498,0,,
7499,0,,
7500,0,,
7501,0,,
7502,0,,
7503,0,,
7504,0,,
7505,0,,
7506,0,,
7507,0,,
7508,0,,
7509,0,,
7510,0,,
7511,0,,
7512,0,,
7513,0,,
7514,0,,
7515,0,,
7516,0,,
7517,0,,
7518,0,,
7519,0,,
7520,0,,
7521,0,,
7522,0,,
7523,0,,
7524,0,,
7525,0,,
7526,0,,
7527,0,,
7528,0,,
7529,0,,
7530,0,,
7531,0,,
7532,0,,
7533,0,,
7534,0,,
7535,0,,
7536,0,,
7537,0,,
7538,0,,
7539,0,,
7540,0,,
7541,0,,
7542,0,,
7543,0,,
7544,0,,
7545,0,,
7546,0,,
7547,0,,
7548,0,,
7549,0,,
7550,0,,
7551,0,,
7552,0,,
7553,0,,
7554,0,,
7555,0,,
7556,0,,
7557,0,,
7558,0,,
7559,0,,
7560,0,,
7561,0,,
7562,0,,
7563,0,,
7564,0,,
7565,0,,
7566,0,,
7567,0,,
7568,0,,
7569,0,,
7570,0,,
7571,0,,
7572,0,,
7573,0,,
7574,0,,
7575,0,,
7576,0,,
7577,0,,
7578,0,,
7579,0,,
7580,0,,
7581,0,,
7582,0,,
7583,0,,
7584,0,,
7585,0,,
7586,0,,
7587,0,,
7588,0,,
7589,0,,
7590,0,,
7591,0,,
7592,0,,
7593,0,,
7594,0,,
7595,0,,
7596,0,,
7597,0,,
7598,0,,
7599,0,,
7600,0,,
7601,0,,
7602,0,,
7603,0,,
7604,0,,
7605,0,,
7606,0,,
7607,0,,
7608,0,,
7609,0,,
7610,0,,
7611,0,,
7612,0,,
7613,0,,
7614,0,,
7615,0,,
7616,0,,
7617,0,,
7618,0,,
7619,0,,
7620,0,,
7621,0,,
7622,0,,
7623,0,,
7624,0,,
7625,0,,
7626,0,,
7627,0,,
7628,0,,
7629,0,,
7630,0,,
7631,0,,
7632,0,,
7633,0,,
7634,0,,
7635,0,,
7636,0,,
7637,0,,
7638,0,,
7639,0,,
7640,0,,
7641,0,,
7642,0,,
7643,0,,
7644,0,,
7645,0,,
7646,0,,
7647,0,,
7648,0,,
7649,0,,
7650,0,,
7651,0,,
7652,0,,
7653,0,,
7654,0,,
7655,0,,
7656,0,,
7657,0,,
7658,0,,
7659,0,,
7660,0,,
7661,0,,
7662,0,,
7663,0,,
7664,0,,
7665,0,,
7666,0,,
7667,0,,
7668,0,,
7669,0,,
7670,0,,
7671,0,,
7672,0,,
7673,0,,
7674,0,,
7675,0,,
7676,0,,
7677,0,,
7678,0,,
7679,0,,
7680,0,,
7681,0,,
7682,0,,
7683,0,,
7684,0,,
7685,0,,
7686,0,,
7687,0,,
7688,0,,
7689,0,,
7690,0,,
7691,0,,
7692,0,,
7693,0,,
7694,0,,
7695,0,,
7696,0,,
7697,0,,
7698,0,,
7699,0,,
7700,0,,
7701,0,,
7702,0,,
7703,0,,
7704,0,,
7705,0,,
7706,0,,
7707,0,,
7708,0,,
7709,0,,
7710,0,,
7711,0,,
7712,0,,
7713,0,,
7714,0,,
7715,0,,
7716,0,,
7717,0,,
7718,0,,
7719,0,,
7720,0,,
7721,0,,
7722,0,,
7723,0,,
7724,0,,
7725,0,,
7726,0,,
7727,0,,
7728,0,,
7729,0,,
7730,0,,
7731,0,,
7732,0,,
7733,0,,
7734,0,,
7735,0,,
7736,0,,
7737,0,,
7738,0,,
7739,0,,
7740,0,,
7741,0,,
7742,0,,
7743,0,,
7744,0,,
7745,0,,
7746,0,,
7747,0,,
7748,0,,
7749,0,,
7750,0,,
7751,0,,
7752,0,,
7753,0,,
7754,0,,
7755,0,,
7756,0,,
7757,0,,
7758,0,,
7759,0,,
7760,0,,
7761,0,,
7762,0,,
7763,0,,
7764,0,,
7765,0,,
7766,0,,
7767,0,,
7768,0,,
7769,0,,
7770,0,,
7771,0,,
7772,0,,
7773,0,,
7774,0,,
7775,0,,
7776,0,,
7777,0,,
7778,0,,
7779,0,,
7780,0,,
7781,0,,
7782,0,,
7783,0,,
7784,0,,
7785,0,,
7786,0,,
7787,0,,
7788,0,,
7789,0,,
7790,0,,
7791,0,,
7792,0,,
7793,0,,
7794,0,,
7795,0,,
7796,0,,
7797,0,,
7798,0,,
7799,0,,
7800,0,,
7801,0,,
7802,0,,
7803,0,,
7804,0,,
7805,0,,
7806,0,,
7807,0,,
7808,0,,
7809,0,,
7810,0,,
7811,0,,
7812,0,,
7813,0,,
7814,0,,
7815,0,,
7816,0,,
7817,0,,
7818,0,,
7819,0,,
7820,0,,
7821,0,,
7822,0,,
7823,0,,
7824,0,,
7825,0,,
7826,0,,
7827,0,,
7828,0,,
7829,0,,
7830,0,,
7831,0,,
7832,0,,
7833,0,,
7834,0,,
7835,0,,
7836,0,,
7837,0,,
7838,0,,
7839,0,,
7840,0,,
7841,0,,
7842,0,,
7843,0,,
7844,0,,
7845,0,,
7846,0,,
7847,0,,
7848,0,,
7849,0,,
7850,0,,
7851,0,,
7852,0,,
7853,0,,
7854,0,,
7855,0,,
7856,0,,
7857,0,,
7858,0,,
7859,0,,
7860,0,,
7861,0,,
7862,0,,
7863,0,,
7864,0,,
7865,0,,
7866,0,,
7867,0,,
7868,0,,
7869,0,,
7870,0,,
7871,0,,
7872,0,,
7873,0,,
7874,0,,
7875,0,,
7876,0,,
7877,0,,
7878,0,,
7879,0,,
7880,0,,
7881,0,,
7882,0,,
7883,0,,
7884,0,,
7885,0,,
7886,0,,
7887,0,,
7888,0,,
7889,0,,
7890,0,,
7891,0,,
7892,0,,
7893,0,,
7894,0,,
7895,0,,
7896,0,,
7897,0,,
7898,0,,
7899,0,,
7900,0,,
7901,0,,
7902,0,,
7903,0,,
7904,0,,
7905,0,,
7906,0,,
7907,0,,
7908,0,,
7909,0,,
7910,0,,
7911,0,,
7912,0,,
7913,0,,
7914,0,,
7915,0,,
7916,0,,
7917,0,,
7918,0,,
7919,0,,
7920,0,,
7921,0,,
7922,0,,
7923,0,,
7924,0,,
7925,0,,
7926,0,,
7927,0,,
7928,0,,
7929,0,,
7930,0,,
7931,0,,
7932,0,,
7933,0,,
7934,0,,
7935,0,,
7936,0,,
7937,0,,
7938,0,,
7939,0,,
7940,0,,
7941,0,,
7942,0,,
7943,0,,
7944,0,,
7945,0,,
7946,0,,
7947,0,,
7948,0,,
7949,0,,
7950,0,,
7951,0,,
7952,0,,
7953,0,,
7954,0,,
7955,0,,
7956,0,,
7957,0,,
7958,0,,
7959,0,,
7960,0,,
7961,0,,
7962,0,,
7963,0,,
7964,0,,
7965,0,,
7966,0,,
7967,0,,
7968,0,,
7969,0,,
7970,0,,
7971,0,,
7972,0,,
7973,0,,
7974,0,,
7975,0,,
7976,0,,
7977,0,,
7978,0,,
7979,0,,
7980,0,,
7981,0,,
7982,0,,
7983,0,,
7984,0,,
7985,0,,
7986,0,,
7987,0,,
7988,0,,
7989,0,,
7990,0,,
7991,0,,
7992,0,,
7993,0,,
7994,0,,
7995,0,,
7996,0,,
7997,0,,
7998,0,,
7999,0,,
8000,0,,
8001,0,,
8002,0,,
8003,0,,
8004,0,,
8005,0,,
8006,0,,
8007,0,,
8008,0,,
8009,0,,
8010,0,,
8011,0,,
8012,0,,
8013,0,,
8014,0,,
8015,0,,
8016,0,,
8017,0,,
8018,0,,
8019,0,,
8020,0,,
8021,0,,
8022,0,,
8023,0,,
8024,0,,
8025,0,,
8026,0,,
8027,0,,
8028,0,,
8029,0,,
8030,0,,
8031,0,,
8032,0,,
8033,0,,
8034,0,,
8035,0,,
8036,0,,
8037,0,,
8038,0,,
8039,0,,
8040,0,,
8041,0,,
8042,0,,
8043,0,,
8044,0,,
8045,0,,
8046,0,,
8047,0,,
8048,0,,
8049,0,,
8050,0,,
8051,0,,
8052,0,,
8053,0,,
8054,0,,
8055,0,,
8056,0,,
8057,0,,
8058,0,,
8059,0,,
8060,0,,
8061,0,,
8062,0,,
8063,0,,
8064,0,,
8065,0,,
8066,0,,
8067,0,,
8068,0,,
8069,0,,
8070,0,,
8071,0,,
8072,0,,
8073,0,,
8074,0,,
8075,0,,
8076,0,,
8077,0,,
8078,0,,
8079,0,,
8080,0,,
8081,0,,
8082,0,,
8083,0,,
8084,0,,
8085,0,,
8086,0,,
8087,0,,
8088,0,,
8089,0,,
8090,0,,
8091,0,,
8092,0,,
8093,0,,
8094,0,,
8095,0,,
8096,0,,
8097,0,,
8098,0,,
8099,0,,
8100,0,,
8101,0,,
8102,0,,
8103,0,,
8104,0,,
8105,0,,
8106,0,,
8107,0,,
8108,0,,
8109,0,,
8110,0,,
8111,0,,
8112,0,,
8113,0,,
8114,0,,
8115,0,,
8116,0,,
8117,0,,
8118,0,,
8119,0,,
8120,0,,
8121,0,,
8122,0,,
8123,0,,
8124,0,,
8125,0,,
8126,0,,
8127,0,,
8128,0,,
8129,0,,
8130,0,,
8131,0,,
8132,0,,
8133,0,,
8134,0,,
8135,0,,
8136,0,,
8137,0,,
8138,0,,
8139,0,,
8140,0,,
8141,0,,
8142,0,,
8143,0,,
8144,0,,
8145,0,,
8146,0,,
8147,0,,
8148,0,,
8149,0,,
8150,0,,
8151,0,,
8152,0,,
8153,0,,
8154,0,,
8155,0,,
8156,0,,
8157,0,,
8158,0,,
8159,0,,
8160,0,,
8161,0,,
8162,0,,
8163,0,,
8164,0,,
8165,0,,
8166,0,,
8167,0,,
8168,0,,
8169,0,,
8170,0,,
8171,0,,
8172,0,,
8173,0,,
8174,0,,
8175,0,,
8176,0,,
8177,0,,
8178,0,,
8179,0,,
8180,0,,
8181,0,,
8182,0,,
8183,0,,
8184,0,,
8185,0,,
8186,0,,
8187,0,,
8188,0,,
8189,0,,
8190,0,,
8191,0,,
8192,0,,
8193,0,,
8194,0,,
8195,0,,
8196,0,,
8197,0,,
8198,0,,
8199,0,,
8200,0,,
8201,0,,
8202,0,,
8203,0,,
8204,0,,
8205,0,,
8206,0,,
8207,0,,
8208,0,,
8209,0,,
8210,0,,
8211,0,,
8212,0,,
8213,0,,
8214,0,,
8215,0,,
8216,0,,
8217,0,,
8218,0,,
8219,0,,
8220,0,,
8221,0,,
8222,0,,
8223,0,,
8224,0,,
8225,0,,
8226,0,,
8227,0,,
8228,0,,
8229,0,,
8230,0,,
8231,0,,
8232,0,,
8233,0,,
8234,0,,
8235,0,,
8236,0,,
8237,0,,
8238,0,,
8239,0,,
8240,0,,
8241,0,,
8242,0,,
8243,0,,
8244,0,,
8245,0,,
8246,0,,
8247,0,,
8248,0,,
8249,0,,
8250,0,,
8251,0,,
8252,0,,
8253,0,,
8254,0,,
8255,0,,
8256,0,,
8257,0,,
8258,0,,
8259,0,,
8260,0,,
8261,0,,
8262,0,,
8263,0,,
8264,0,,
8265,0,,
8266,0,,
8267,0,,
8268,0,,
8269,0,,
8270,0,,
8271,0,,
8272,0,,
8273,0,,
8274,0,,
8275,0,,
8276,0,,
8277,0,,
8278,0,,
8279,0,,
8280,0,,
8281,0,,
8282,0,,
8283,0,,
8284,0,,
8285,0,,
8286,0,,
8287,0,,
8288,0,,
8289,0,,
8290,0,,
8291,0,,
8292,0,,
8293,0,,
8294,0,,
8295,0,,
8296,0,,
8297,0,,
8298,0,,
8299,0,,
8300,0,,
8301,0,,
8302,0,,
8303,0,,
8304,0,,
8305,0,,
8306,0,,
8307,0,,
8308,0,,
8309,0,,
8310,0,,
8311,0,,
8312,0,,
8313,0,,
8314,0,,
8315,0,,
8316,0,,
8317,0,,
8318,0,,
8319,0,,
8320,0,,
8321,0,,
8322,0,,
8323,0,,
8324,0,,
8325,0,,
8326,0,,
8327,0,,
8328,0,,
8329,0,,
8330,0,,
8331,0,,
8332,0,,
8333,0,,
8334,0,,
8335,0,,
8336,0,,
8337,0,,
8338,0,,
8339,0,,
8340,0,,
8341,0,,
8342,0,,
8343,0,,
8344,0,,
8345,0,,
8346,0,,
8347,0,,
8348,0,,
8349,0,,
8350,0,,
8351,0,,
8352,0,,
8353,0,,
8354,0,,
8355,0,,
8356,0,,
8357,0,,
8358,0,,
8359,0,,
8360,0,,
8361,0,,
8362,0,,
8363,0,,
8364,0,,
8365,0,,
8366,0,,
8367,0,,
8368,0,,
8369,0,,
8370,0,,
8371,0,,
8372,0,,
8373,0,,
8374,0,,
8375,0,,
8376,0,,
8377,0,,
8378,0,,
8379,0,,
8380,0,,
8381,0,,
8382,0,,
8383,0,,
8384,0,,
8385,0,,
8386,0,,
8387,0,,
8388,0,,
8389,0,,
8390,0,,
8391,0,,
8392,0,,
8393,0,,
8394,0,,
8395,0,,
8396,0,,
8397,0,,
8398,0,,
8399,0,,
8400,0,,
8401,0,,
8402,0,,
8403,0,,
8404,0,,
8405,0,,
8406,0,,
8407,0,,
8408,0,,
8409,0,,
8410,0,,
8411,0,,
8412,0,,
8413,0,,
8414,0,,
8415,0,,
8416,0,,
8417,0,,
8418,0,,
8419,0,,
8420,0,,
8421,0,,
8422,0,,
8423,0,,
8424,0,,
8425,0,,
8426,0,,
8427,0,,
8428,0,,
8429,0,,
8430,0,,
8431,0,,
8432,0,,
8433,0,,
8434,0,,
8435,0,,
8436,0,,
8437,0,,
8438,0,,
8439,0,,
8440,0,,
8441,0,,
8442,0,,
8443,0,,
8444,0,,
8445,0,,
8446,0,,
8447,0,,
8448,0,,
8449,0,,
8450,0,,
8451,0,,
8452,0,,
8453,0,,
8454,0,,
8455,0,,
8456,0,,
8457,0,,
8458,0,,
8459,0,,
8460,0,,
8461,0,,
8462,0,,
8463,0,,
8464,0,,
8465,0,,
8466,0,,
8467,0,,
8468,0,,
8469,0,,
8470,0,,
8471,0,,
8472,0,,
8473,0,,
8474,0,,
8475,0,,
8476,0,,
8477,0,,
8478,0,,
8479,0,,
8480,0,,
8481,0,,
8482,0,,
8483,0,,
8484,0,,
8485,0,,
8486,0,,
8487,0,,
8488,0,,
8489,0,,
8490,0,,
8491,0,,
8492,0,,
8493,0,,
8494,0,,
8495,0,,
8496,0,,
8497,0,,
8498,0,,
8499,0,,
8500,0,,
8501,0,,
8502,0,,
8503,0,,
8504,0,,
8505,0,,
8506,0,,
8507,0,,
8508,0,,
8509,0,,
8510,0,,
8511,0,,
8512,0,,
8513,0,,
8514,0,,
8515,0,,
8516,0,,
8517,0,,
8518,0,,
8519,0,,
8520,0,,
8521,0,,
8522,0,,
8523,0,,
8524,0,,
8525,0,,
8526,0,,
8527,0,,
8528,0,,
8529,0,,
8530,0,,
8531,0,,
8532,0,,
8533,0,,
8534,0,,
8535,0,,
8536,0,,
8537,0,,
8538,0,,
8539,0,,
8540,0,,
8541,0,,
8542,0,,
8543,0,,
8544,0,,
8545,0,,
8546,0,,
8547,0,,
8548,0,,
8549,0,,
8550,0,,
8551,0,,
8552,0,,
8553,0,,
8554,0,,
8555,0,,
8556,0,,
8557,0,,
8558,0,,
8559,0,,
8560,0,,
8561,0,,
8562,0,,
8563,0,,
8564,0,,
8565,0,,
8566,0,,
8567,0,,
8568,0,,
8569,0,,
8570,0,,
8571,0,,
8572,0,,
8573,0,,
8574,0,,
8575,0,,
8576,0,,
8577,0,,
8578,0,,
8579,0,,
8580,0,,
8581,0,,
8582,0,,
8583,0,,
8584,0,,
8585,0,,
8586,0,,
8587,0,,
8588,0,,
8589,0,,
8590,0,,
8591,0,,
8592,0,,
8593,0,,
8594,0,,
8595,0,,
8596,0,,
8597,0,,
8598,0,,
8599,0,,
8600,0,,
8601,0,,
8602,0,,
8603,0,,
8604,0,,
8605,0,,
8606,0,,
8607,0,,
8608,0,,
8609,0,,
8610,0,,
8611,0,,
8612,0,,
8613,0,,
8614,0,,
8615,0,,
8616,0,,
8617,0,,
8618,0,,
8619,0,,
8620,0,,
8621,0,,
8622,0,,
8623,0,,
8624,0,,
8625,0,,
8626,0,,
8627,0,,
8628,0,,
8629,0,,
8630,0,,
8631,0,,
8632,0,,
8633,0,,
8634,0,,
8635,0,,
8636,0,,
8637,0,,
8638,0,,
8639,0,,
8640,0,,
8641,0,,
8642,0,,
8643,0,,
8644,0,,
8645,0,,
8646,0,,
8647,0,,
8648,0,,
8649,0,,
8650,0,,
8651,0,,
8652,0,,
8653,0,,
8654,0,,
8655,0,,
8656,0,,
8657,0,,
8658,0,,
8659,0,,
8660,0,,
8661,0,,
8662,0,,
8663,0,,
8664,0,,
8665,0,,
8666,0,,
8667,0,,
8668,0,,
8669,0,,
8670,0,,
8671,0,,
8672,0,,
8673,0,,
8674,0,,
8675,0,,
8676,0,,
8677,0,,
8678,0,,
8679,0,,
8680,0,,
8681,0,,
8682,0,,
8683,0,,
8684,0,,
8685,0,,
8686,0,,
8687,0,,
8688,0,,
8689,0,,
8690,0,,
8691,0,,
8692,0,,
8693,0,,
8694,0,,
8695,0,,
8696,0,,
8697,0,,
8698,0,,
8699,0,,
8700,0,,
8701,0,,
8702,0,,
8703,0,,
8704,0,,
8705,0,,
8706,0,,
8707,0,,
8708,0,,
8709,0,,
8710,0,,
8711,0,,
8712,0,,
8713,0,,
8714,0,,
8715,0,,
8716,0,,
8717,0,,
8718,0,,
8719,0,,
8720,0,,
8721,0,,
8722,0,,
8723,0,,
8724,0,,
8725,0,,
8726,0,,
8727,0,,
8728,0,,
8729,0,,
8730,0,,
8731,0,,
8732,0,,
8733,0,,
8734,0,,
8735,0,,
8736,0,,
8737,0,,
8738,0,,
8739,0,,
8740,0,,
8741,0,,
8742,0,,
8743,0,,
8744,0,,
8745,0,,
8746,0,,
8747,0,,
8748,0,,
8749,0,,
8750,0,,
8751,0,,
8752,0,,
8753,0,,
8754,0,,
8755,0,,
8756,0,,
8757,0,,
8758,0,,
8759,0,,
8760,0,,
8761,0,,
8762,0,,
8763,0,,
8764,0,,
8765,0,,
8766,0,,
8767,0,,
8768,0,,
8769,0,,
8770,0,,
8771,0,,
8772,0,,
8773,0,,
8774,0,,
8775,0,,
8776,0,,
8777,0,,
8778,0,,
8779,0,,
8780,0,,
8781,0,,
8782,0,,
8783,0,,
8784,0,,
8785,0,,
8786,0,,
8787,0,,
8788,0,,
8789,0,,
8790,0,,
8791,0,,
8792,0,,
8793,0,,
8794,0,,
8795,0,,
8796,0,,
8797,0,,
8798,0,,
8799,0,,
8800,0,,
8801,0,,
8802,0,,
8803,0,,
8804,0,,
8805,0,,
8806,0,,
8807,0,,
8808,0,,
8809,0,,
8810,0,,
8811,0,,
8812,0,,
8813,0,,
8814,0,,
8815,0,,
8816,0,,
8817,0,,
8818,0,,
8819,0,,
8820,0,,
8821,0,,
8822,0,,
8823,0,,
8824,0,,
8825,0,,
8826,0,,
8827,0,,
8828,0,,
8829,0,,
8830,0,,
8831,0,,
8832,0,,
8833,0,,
8834,0,,
8835,0,,
8836,0,,
8837,0,,
8838,0,,
8839,0,,
8840,0,,
8841,0,,
8842,0,,
8843,0,,
8844,0,,
8845,0,,
8846,0,,
8847,0,,
8848,0,,
8849,0,,
8850,0,,
8851,0,,
8852,0,,
8853,0,,
8854,0,,
8855,0,,
8856,0,,
8857,0,,
8858,0,,
8859,0,,
8860,0,,
8861,0,,
8862,0,,
8863,0,,
8864,0,,
8865,0,,
8866,0,,
8867,0,,
8868,0,,
8869,0,,
8870,0,,
8871,0,,
8872,0,,
8873,0,,
8874,0,,
8875,0,,
8876,0,,
8877,0,,
8878,0,,
8879,0,,
8880,0,,
8881,0,,
8882,0,,
8883,0,,
8884,0,,
8885,0,,
8886,0,,
8887,0,,
8888,0,,
8889,0,,
8890,0,,
8891,0,,
8892,0,,
8893,0,,
8894,0,,
8895,0,,
8896,0,,
8897,0,,
8898,0,,
8899,0,,
8900,0,,
8901,0,,
8902,0,,
8903,0,,
8904,0,,
8905,0,,
8906,0,,
8907,0,,
8908,0,,
8909,0,,
8910,0,,
8911,0,,
8912,0,,
8913,0,,
8914,0,,
8915,0,,
8916,0,,
8917,0,,
8918,0,,
8919,0,,
8920,0,,
8921,0,,
8922,0,,
8923,0,,
8924,0,,
8925,0,,
8926,0,,
8927,0,,
8928,0,,
8929,0,,
8930,0,,
8931,0,,
8932,0,,
8933,0,,
8934,0,,
8935,0,,
8936,0,,
8937,0,,
8938,0,,
8939,0,,
8940,0,,
8941,0,,
8942,0,,
8943,0,,
8944,0,,
8945,0,,
8946,0,,
8947,0,,
8948,0,,
8949,0,,
8950,0,,
8951,0,,
8952,0,,
8953,0,,
8954,0,,
8955,0,,
8956,0,,
8957,0,,
8958,0,,
8959,0,,
8960,0,,
8961,0,,
8962,0,,
8963,0,,
8964,0,,
8965,0,,
8966,0,,
8967,0,,
8968,0,,
8969,0,,
8970,0,,
8971,0,,
8972,0,,
8973,0,,
8974,0,,
8975,0,,
8976,0,,
8977,0,,
8978,0,,
8979,0,,
8980,0,,
8981,0,,
8982,0,,
8983,0,,
8984,0,,
8985,0,,
8986,0,,
8987,0,,
8988,0,,
8989,0,,
8990,0,,
8991,0,,
8992,0,,
8993,0,,
8994,0,,
8995,0,,
8996,0,,
8997,0,,
8998,0,,
8999,0,,
9000,0,,
9001,0,,
9002,0,,
9003,0,,
9004,0,,
9005,0,,
9006,0,,
9007,0,,
9008,0,,
9009,0,,
9010,0,,
9011,0,,
9012,0,,
9013,0,,
9014,0,,
9015,0,,
9016,0,,
9017,0,,
9018,0,,
9019,0,,
9020,0,,
9021,0,,
9022,0,,
9023,0,,
9024,0,,
9025,0,,
9026,0,,
9027,0,,
9028,0,,
9029,0,,
9030,0,,
9031,0,,
9032,0,,
9033,0,,
9034,0,,
9035,0,,
9036,0,,
9037,0,,
9038,0,,
9039,0,,
9040,0,,
9041,0,,
9042,0,,
9043,0,,
9044,0,,
9045,0,,
9046,0,,
9047,0,,
9048,0,,
9049,0,,
9050,0,,
9051,0,,
9052,0,,
9053,0,,
9054,0,,
9055,0,,
9056,0,,
9057,0,,
9058,0,,
9059,0,,
9060,0,,
9061,0,,
9062,0,,
9063,0,,
9064,0,,
9065,0,,
9066,0,,
9067,0,,
9068,0,,
9069,0,,
9070,0,,
9071,0,,
9072,0,,
9073,0,,
9074,0,,
9075,0,,
9076,0,,
9077,0,,
9078,0,,
9079,0,,
9080,0,,
9081,0,,
9082,0,,
9083,0,,
9084,0,,
9085,0,,
9086,0,,
9087,0,,
9088,0,,
9089,0,,
9090,0,,
9091,0,,
9092,0,,
9093,0,,
9094,0,,
9095,0,,
9096,0,,
9097,0,,
9098,0,,
9099,0,,
9100,0,,
9101,0,,
9102,0,,
9103,0,,
9104,0,,
9105,0,,
9106,0,,
9107,0,,
9108,0,,
9109,0,,
9110,0,,
9111,0,,
9112,0,,
9113,0,,
9114,0,,
9115,0,,
9116,0,,
9117,0,,
9118,0,,
9119,0,,
9120,0,,
9121,0,,
9122,0,,
9123,0,,
9124,0,,
9125,0,,
9126,0,,
9127,0,,
9128,0,,
9129,0,,
9130,0,,
9131,0,,
9132,0,,
9133,0,,
9134,0,,
9135,0,,
9136,0,,
9137,0,,
9138,0,,
9139,0,,
9140,0,,
9141,0,,
9142,0,,
9143,0,,
9144,0,,
9145,0,,
9146,0,,
9147,0,,
9148,0,,
9149,0,,
9150,0,,
9151,0,,
9152,0,,
9153,0,,
9154,0,,
9155,0,,
9156,0,,
9157,0,,
9158,0,,
9159,0,,
9160,0,,
9161,0,,
9162,0,,
9163,0,,
9164,0,,
9165,0,,
9166,0,,
9167,0,,
9168,0,,
9169,0,,
9170,0,,
9171,0,,
9172,0,,
9173,0,,
9174,0,,
9175,0,,
9176,0,,
9177,0,,
9178,0,,
9179,0,,
9180,0,,
9181,0,,
9182,0,,
9183,0,,
9184,0,,
9185,0,,
9186,0,,
9187,0,,
9188,0,,
9189,0,,
9190,0,,
9191,0,,
9192,0,,
9193,0,,
9194,0,,
9195,0,,
9196,0,,
9197,0,,
9198,0,,
9199,0,,
9200,0,,
9201,0,,
9202,0,,
9203,0,,
9204,0,,
9205,0,,
9206,0,,
9207,0,,
9208,0,,
9209,0,,
9210,0,,
9211,0,,
9212,0,,
9213,0,,
9214,0,,
9215,0,,
9216,0,,
9217,0,,
9218,0,,
9219,0,,
9220,0,,
9221,0,,
9222,0,,
9223,0,,
9224,0,,
9225,0,,
9226,0,,
9227,0,,
9228,0,,
9229,0,,
9230,0,,
9231,0,,
9232,0,,
9233,0,,
9234,0,,
9235,0,,
9236,0,,
9237,0,,
9238,0,,
9239,0,,
9240,0,,
9241,0,,
9242,0,,
9243,0,,
9244,0,,
9245,0,,
9246,0,,
9247,0,,
9248,0,,
9249,0,,
9250,0,,
9251,0,,
9252,0,,
9253,0,,
9254,0,,
9255,0,,
9256,0,,
9257,0,,
9258,0,,
9259,0,,
9260,0,,
9261,0,,
9262,0,,
9263,0,,
9264,0,,
9265,0,,
9266,0,,
9267,0,,
9268,0,,
9269,0,,
9270,0,,
9271,0,,
9272,0,,
9273,0,,
9274,0,,
9275,0,,
9276,0,,
9277,0,,
9278,0,,
9279,0,,
9280,0,,
9281,0,,
9282,0,,
9283,0,,
9284,0,,
9285,0,,
9286,0,,
9287,0,,
9288,0,,
9289,0,,
9290,0,,
9291,0,,
9292,0,,
9293,0,,
9294,0,,
9295,0,,
9296,0,,
9297,0,,
9298,0,,
9299,0,,
9300,0,,
9301,0,,
9302,0,,
9303,0,,
9304,0,,
9305,0,,
9306,0,,
9307,0,,
9308,0,,
9309,0,,
9310,0,,
9311,0,,
9312,0,,
9313,0,,
9314,0,,
9315,0,,
9316,0,,
9317,0,,
9318,0,,
9319,0,,
9320,0,,
9321,0,,
9322,0,,
9323,0,,
9324,0,,
9325,0,,
9326,0,,
9327,0,,
9328,0,,
9329,0,,
9330,0,,
9331,0,,
9332,0,,
9333,0,,
9334,0,,
9335,0,,
9336,0,,
9337,0,,
9338,0,,
9339,0,,
9340,0,,
9341,0,,
9342,0,,
9343,0,,
9344,0,,
9345,0,,
9346,0,,
9347,0,,
9348,0,,
9349,0,,
9350,0,,
9351,0,,
9352,0,,
9353,0,,
9354,0,,
9355,0,,
9356,0,,
9357,0,,
9358,0,,
9359,0,,
9360,0,,
9361,0,,
9362,0,,
9363,0,,
9364,0,,
9365,0,,
9366,0,,
9367,0,,
9368,0,,
9369,0,,
9370,0,,
9371,0,,
9372,0,,
9373,0,,
9374,0,,
9375,0,,
9376,0,,
9377,0,,
9378,0,,
9379,0,,
9380,0,,
9381,0,,
9382,0,,
9383,0,,
9384,0,,
9385,0,,
9386,0,,
9387,0,,
9388,0,,
9389,0,,
9390,0,,
9391,0,,
9392,0,,
9393,0,,
9394,0,,
9395,0,,
9396,0,,
9397,0,,
9398,0,,
9399,0,,
9400,0,,
9401,0,,
9402,0,,
9403,0,,
9404,0,,
9405,0,,
9406,0,,
9407,0,,
9408,0,,
9409,0,,
9410,0,,
9411,0,,
9412,0,,
9413,0,,
9414,0,,
9415,0,,
9416,0,,
9417,0,,
9418,0,,
9419,0,,
9420,0,,
9421,0,,
9422,0,,
9423,0,,
9424,0,,
9425,0,,
9426,0,,
9427,0,,
9428,0,,
9429,0,,
9430,0,,
9431,0,,
9432,0,,
9433,0,,
9434,0,,
9435,0,,
9436,0,,
9437,0,,
9438,0,,
9439,0,,
9440,0,,
9441,0,,
9442,0,,
9443,0,,
9444,0,,
9445,0,,
9446,0,,
9447,0,,
9448,0,,
9449,0,,
9450,0,,
9451,0,,
9452,0,,
9453,0,,
9454,0,,
9455,0,,
9456,0,,
9457,0,,
9458,0,,
9459,0,,
9460,0,,
9461,0,,
9462,0,,
9463,0,,
9464,0,,
9465,0,,
9466,0,,
9467,0,,
9468,0,,
9469,0,,
9470,0,,
9471,0,,
9472,0,,
9473,0,,
9474,0,,
9475,0,,
9476,0,,
9477,0,,
9478,0,,
9479,0,,
9480,0,,
9481,0,,
9482,0,,
9483,0,,
9484,0,,
9485,0,,
9486,0,,
9487,0,,
9488,0,,
9489,0,,
9490,0,,
9491,0,,
9492,0,,
9493,0,,
9494,0,,
9495,0,,
9496,0,,
9497,0,,
9498,0,,
9499,0,,
9500,0,,
9501,0,,
9502,0,,
9503,0,,
9504,0,,
9505,0,,
9506,0,,
9507,0,,
9508,0,,
9509,0,,
9510,0,,
9511,0,,
9512,0,,
9513,0,,
9514,0,,
9515,0,,
9516,0,,
9517,0,,
9518,0,,
9519,0,,
9520,0,,
9521,0,,
9522,0,,
9523,0,,
9524,0,,
9525,0,,
9526,0,,
9527,0,,
9528,0,,
9529,0,,
9530,0,,
9531,0,,
9532,0,,
9533,0,,
9534,0,,
9535,0,,
9536,0,,
9537,0,,
9538,0,,
9539,0,,
9540,0,,
9541,0,,
9542,0,,
9543,0,,
9544,0,,
9545,0,,
9546,0,,
9547,0,,
9548,0,,
9549,0,,
9550,0,,
9551,0,,
9552,0,,
9553,0,,
9554,0,,
9555,0,,
9556,0,,
9557,0,,
9558,0,,
9559,0,,
9560,0,,
9561,0,,
9562,0,,
9563,0,,
9564,0,,
9565,0,,
9566,0,,
9567,0,,
9568,0,,
9569,0,,
9570,0,,
9571,0,,
9572,0,,
9573,0,,
9574,0,,
9575,0,,
9576,0,,
9577,0,,
9578,0,,
9579,0,,
9580,0,,
9581,0,,
9582,0,,
9583,0,,
9584,0,,
9585,0,,
9586,0,,
9587,0,,
9588,0,,
9589,0,,
9590,0,,
9591,0,,
9592,0,,
9593,0,,
9594,0,,
9595,0,,
9596,0,,
9597,0,,
9598,0,,
9599,0,,
9600,0,,
9601,0,,
9602,0,,
9603,0,,
9604,0,,
9605,0,,
9606,0,,
9607,0,,
9608,0,,
9609,0,,
9610,0,,
9611,0,,
9612,0,,
9613,0,,
9614,0,,
9615,0,,
9616,0,,
9617,0,,
9618,0,,
9619,0,,
9620,0,,
9621,0,,
9622,0,,
9623,0,,
9624,0,,
9625,0,,
9626,0,,
9627,0,,
9628,0,,
9629,0,,
9630,0,,
9631,0,,
9632,0,,
9633,0,,
9634,0,,
9635,0,,
9636,0,,
9637,0,,
9638,0,,
9639,0,,
9640,0,,
9641,0,,
9642,0,,
9643,0,,
9644,0,,
9645,0,,
9646,0,,
9647,0,,
9648,0,,
9649,0,,
9650,0,,
9651,0,,
9652,0,,
9653,0,,
9654,0,,
9655,0,,
9656,0,,
9657,0,,
9658,0,,
9659,0,,
9660,0,,
9661,0,,
9662,0,,
9663,0,,
9664,0,,
9665,0,,
9666,0,,
9667,0,,
9668,0,,
9669,0,,
9670,0,,
9671,0,,
9672,0,,
9673,0,,
9674,0,,
9675,0,,
9676,0,,
9677,0,,
9678,0,,
9679,0,,
9680,0,,
9681,0,,
9682,0,,
9683,0,,
9684,0,,
9685,0,,
9686,0,,
9687,0,,
9688,0,,
9689,0,,
9690,0,,
9691,0,,
9692,0,,
9693,0,,
9694,0,,
9695,0,,
9696,0,,
9697,0,,
9698,0,,
9699,0,,
9700,0,,
9701,0,,
9702,0,,
9703,0,,
9704,0,,
9705,0,,
9706,0,,
9707,0,,
9708,0,,
9709,0,,
9710,0,,
9711,0,,
9712,0,,
9713,0,,
9714,0,,
9715,0,,
9716,0,,
9717,0,,
9718,0,,
9719,0,,
9720,0,,
9721,0,,
9722,0,,
9723,0,,
9724,0,,
9725,0,,
9726,0,,
9727,0,,
9728,0,,
9729,0,,
9730,0,,
9731,0,,
9732,0,,
9733,0,,
9734,0,,
9735,0,,
9736,0,,
9737,0,,
9738,0,,
9739,0,,
9740,0,,
9741,0,,
9742,0,,
9743,0,,
9744,0,,
9745,0,,
9746,0,,
9747,0,,
9748,0,,
9749,0,,
9750,0,,
9751,0,,
9752,0,,
9753,0,,
9754,0,,
9755,0,,
9756,0,,
9757,0,,
9758,0,,
9759,0,,
9760,0,,
9761,0,,
9762,0,,
9763,0,,
9764,0,,
9765,0,,
9766,0,,
9767,0,,
9768,0,,
9769,0,,
9770,0,,
9771,0,,
9772,0,,
9773,0,,
9774,0,,
9775,0,,
9776,0,,
9777,0,,
9778,0,,
9779,0,,
9780,0,,
9781,0,,
9782,0,,
9783,0,,
9784,0,,
9785,0,,
9786,0,,
9787,0,,
9788,0,,
9789,0,,
9790,0,,
9791,0,,
9792,0,,
9793,0,,
9794,0,,
9795,0,,
9796,0,,
9797,0,,
9798,0,,
9799,0,,
9800,0,,
9801,0,,
9802,0,,
9803,0,,
9804,0,,
9805,0,,
9806,0,,
9807,0,,
9808,0,,
9809,0,,
9810,0,,
9811,0,,
9812,0,,
9813,0,,
9814,0,,
9815,0,,
9816,0,,
9817,0,,
9818,0,,
9819,0,,
9820,0,,
9821,0,,
9822,0,,
9823,0,,
9824,0,,
9825,0,,
9826,0,,
9827,0,,
9828,0,,
9829,0,,
9830,0,,
9831,0,,
9832,0,,
9833,0,,
9834,0,,
9835,0,,
9836,0,,
9837,0,,
9838,0,,
9839,0,,
9840,0,,
9841,0,,
9842,0,,
9843,0,,
9844,0,,
9845,0,,
9846,0,,
9847,0,,
9848,0,,
9849,0,,
9850,0,,
9851,0,,
9852,0,,
9853,0,,
9854,0,,
9855,0,,
9856,0,,
9857,0,,
9858,0,,
9859,0,,
9860,0,,
9861,0,,
9862,0,,
9863,0,,
9864,0,,
9865,0,,
9866,0,,
9867,0,,
9868,0,,
9869,0,,
9870,0,,
9871,0,,
9872,0,,
9873,0,,
9874,0,,
9875,0,,
9876,0,,
9877,0,,
9878,0,,
9879,0,,
9880,0,,
9881,0,,
9882,0,,
9883,0,,
9884,0,,
9885,0,,
9886,0,,
9887,0,,
9888,0,,
9889,0,,
9890,0,,
9891,0,,
9892,0,,
9893,0,,
9894,0,,
9895,0,,
9896,0,,
9897,0,,
9898,0,,
9899,0,,
9900,0,,
9901,0,,
9902,0,,
9903,0,,
9904,0,,
9905,0,,
9906,0,,
9907,0,,
9908,0,,
9909,0,,
9910,0,,
9911,0,,
9912,0,,
9913,0,,
9914,0,,
9915,0,,
9916,0,,
9917,0,,
9918,0,,
9919,0,,
9920,0,,
9921,0,,
9922,0,,
9923,0,,
9924,0,,
9925,0,,
9926,0,,
9927,0,,
9928,0,,
9929,0,,
9930,0,,
9931,0,,
9932,0,,
9933,0,,
9934,0,,
9935,0,,
9936,0,,
9937,0,,
9938,0,,
9939,0,,
9940,0,,
9941,0,,
9942,0,,
9943,0,,
9944,0,,
9945,0,,
9946,0,,
9947,0,,
9948,0,,
9949,0,,
9950,0,,
9951,0,,
9952,0,,
9953,0,,
9954,0,,
9955,0,,
9956,0,,
9957,0,,
9958,0,,
9959,0,,
9960,0,,
9961,0,,
9962,0,,
9963,0,,
9964,0,,
9965,0,,
9966,0,,
9967,0,,
9968,0,,
9969,0,,
9970,0,,
9971,0,,
9972,0,,
9973,0,,
9974,0,,
9975,0,,
9976,0,,
9977,0,,
9978,0,,
9979,0,,
9980,0,,
9981,0,,
9982,0,,
9983,0,,
9984,0,,
9985,0,,
9986,0,,
9987,0,,
9988,0,,
9989,0,,
9990,0,,
9991,0,,
9992,0,,
9993,0,,
9994,0,,
9995,0,,
9996,0,,
9997,0,,
9998,0,,
9999,0,,
